field,x,y,farmer,year,prev_year,yld,prev_yld,aa_n,prev_aa_n,aspect_rad,slope,elev,tpi,prec_cy,prec_py,gdd_cy,gdd_py,veg_cy,veg_py,veg_2py
minnie,537285.210925068,5306049.65512763,wood,2018,2016,74.12,33.03,94.8129,21.06,1.67172,1,845.658,0.492806,118,489,37.25,2104.75,,,
minnie,537385.210925068,5305759.65512763,wood,2018,2016,53.99,39.88,97.4574,36.72,3.93506,1,844.13,0.502775,118,484,38,2107.5,,,
minnie,537385.210925068,5305769.65512763,wood,2018,2016,49.38,35.25,97.4574,36.72,4.0894,1,844.223,0.495905,118,484,38,2107.5,,,
minnie,537335.210925068,5305879.65512763,wood,2018,2016,51.28,27.42,96.2918,0,2.15755,0.801525,844.781,0.507715,118,484,38,2107.5,,,
minnie,537335.210925068,5305889.65512763,wood,2018,2016,52.5,20.71,96.2918,0,1.87211,0,844.848,0.540952,118,484,38,2107.5,,,
minnie,537335.210925068,5305859.65512763,wood,2018,2016,66.31,30.72,96.2918,68.8991,1.85693,1,844.661,0.48199,118,484,38,2107.5,,,
minnie,537245.210925068,5305939.65512763,wood,2018,2016,63.15,,96.4947,50.2308,1.27678,1,846.76,0.525081,118,489,37.25,2104.75,,,
minnie,537245.210925068,5305949.65512763,wood,2018,2016,57.88,,96.4119,50.2308,1.38303,0.803982,846.721,0.50308,118,489,37.25,2104.75,,,
minnie,537245.210925068,5306029.65512763,wood,2018,2016,64.65,,93.9361,50.9274,1.58322,1,846.61,0.523413,118,489,37.25,2104.75,,,
minnie,537455.210925068,5306069.65512763,wood,2018,2016,70.31,,95.0714,91.8362,5.38635,1.14263,844.878,0.532893,118,489,37.25,2104.75,,,
minnie,537455.210925068,5306079.65512763,wood,2018,2016,69.56,,99.0063,91.8362,5.34933,1.74361,844.73,0.486972,118,489,37.25,2104.75,,,
minnie,537455.210925068,5306039.65512763,wood,2018,2016,74.95,,95.0714,91.7762,1.2984,1.06353,844.995,0.419935,118,489,37.25,2104.75,,,
minnie,537675.210925068,5305929.65512763,wood,2018,2016,20.01,,104.65,51.2509,1.59846,1,845.361,0.581582,116,468,39.75,2127,,,
minnie,537675.210925068,5305939.65512763,wood,2018,2016,53.87,,97.1226,91.2843,1.86422,1,845.234,0.537923,116,468,39.75,2127,,,
minnie,537655.210925068,5305889.65512763,wood,2018,2016,49.5,,97.3838,101.051,3.82717,2,844.609,0.520245,116,468,39.75,2127,,,
minnie,537665.210925068,5305889.65512763,wood,2018,2016,49.85,,0,101.051,3.00352,1.19812,844.725,0.534165,116,468,39.75,2127,,,
minnie,537535.210925068,5305999.65512763,wood,2018,2016,53.19,,89.5307,101.323,0.524373,1.40424,845.005,0.412649,107,443,41,2149.25,,,
minnie,537535.210925068,5306009.65512763,wood,2018,2016,51.43,,91.1219,101.323,0.637023,2,844.808,0.410829,107,443,41,2149.25,,,
minnie,537255.210925068,5305599.65512763,wood,2018,2016,9.16,6.64,92.0626,50.6866,4.57983,4.91573,848.424,1.83982,118,484,38,2107.5,,,
minnie,537335.210925068,5305759.65512763,wood,2018,2016,65.29,33.79,86.1456,103.126,1.64415,1.79731,844.318,0.462945,118,484,38,2107.5,,,
minnie,537335.210925068,5305769.65512763,wood,2018,2016,72.27,35.42,84.4427,103.126,1.651,1,844.355,0.497706,118,484,38,2107.5,,,
minnie,537335.210925068,5305749.65512763,wood,2018,2016,61.74,31.81,90.7143,69.9057,1.44587,2,844.314,0.442368,118,484,38,2107.5,,,
minnie,537335.210925068,5305739.65512763,wood,2018,2016,52.84,28.28,90.7143,50.9144,1.34065,2,844.398,0.486854,118,484,38,2107.5,,,
minnie,537335.210925068,5305729.65512763,wood,2018,2016,11.36,31,90.7143,50.9144,1.34035,2,844.467,0.49179,118,484,38,2107.5,,,
minnie,537285.210925068,5305709.65512763,wood,2018,2016,51.31,28.97,102.956,74.6917,1.13062,1,846.577,0.505731,118,484,38,2107.5,,,
minnie,537285.210925068,5305719.65512763,wood,2018,2016,54.28,33.13,83.3916,74.6917,1.00645,1.05046,846.51,0.495431,118,484,38,2107.5,,,
minnie,537385.210925068,5305949.65512763,wood,2018,2016,58.29,41.2,97.5333,37.2109,4.45643,0,845.042,0.496511,118,489,37.25,2104.75,,,
minnie,537385.210925068,5305959.65512763,wood,2018,2016,68.61,36.34,97.5333,37.2109,4.35589,0,845.04,0.462164,118,489,37.25,2104.75,,,
minnie,537535.210925068,5305969.65512763,wood,2018,2016,59.21,,89.5307,99.5053,3.76095,1,845.733,0.530693,107,443,41,2149.25,,,
minnie,537535.210925068,5305979.65512763,wood,2018,2016,62.42,,89.5307,99.5053,0.250771,1.05081,845.487,0.459942,107,443,41,2149.25,,,
minnie,537535.210925068,5305959.65512763,wood,2018,2016,66.81,,89.5307,103.173,5.54998,1,845.96,0.628525,114.239,463.108,39.9946,2131.35,,,
minnie,537335.210925068,5306019.65512763,wood,2018,2016,58.87,23.41,94.9376,16.74,6.0912,0,845.175,0.523134,118,489,37.25,2104.75,,,
minnie,537335.210925068,5305939.65512763,wood,2018,2016,38.74,37.52,96.2918,109.755,2.08005,0,844.937,0.486952,118,489,37.25,2104.75,,,
minnie,537335.210925068,5305929.65512763,wood,2018,2016,37.36,32.09,96.2918,107.976,2.17165,0,844.928,0.511142,118,484.984,37.8525,2106.96,,,
minnie,537245.210925068,5306139.65512763,wood,2018,2016,24.93,,106.72,24.0057,1.82931,1.34188,846.987,0.508614,118,489,37.25,2104.75,,,
minnie,537255.210925068,5306139.65512763,wood,2018,2016,19.21,31.09,91.1426,24.0057,1.78957,1.8007,846.815,0.520458,118,489,37.25,2104.75,,,
minnie,537245.210925068,5306119.65512763,wood,2018,2016,53.77,,97.8816,44.1817,1.7318,1.6111,846.874,0.486469,118,489,37.25,2104.75,,,
minnie,537245.210925068,5306129.65512763,wood,2018,2016,52.33,,97.8816,44.1817,1.80935,1.04657,846.94,0.511587,118,489,37.25,2104.75,,,
minnie,537555.210925068,5306099.65512763,wood,2018,2016,51.17,,0,102.497,0.938005,18.7828,842.934,1.44455,107,443,41,2149.25,,,
minnie,537535.210925068,5306119.65512763,wood,2018,2016,33.49,,0,102.497,1.4455,12.5474,844.621,2.12616,107,443,41,2149.25,,,
minnie,537245.210925068,5306059.65512763,wood,2018,2016,45.63,,97.9092,52.063,1.8406,1,846.696,0.532257,118,489,37.25,2104.75,,,
minnie,537245.210925068,5306069.65512763,wood,2018,2016,51.53,,97.9092,52.063,1.7163,1,846.727,0.525666,118,489,37.25,2104.75,,,
minnie,537245.210925068,5306039.65512763,wood,2018,2016,58,,93.9361,51.4474,1.60598,1,846.611,0.503682,118,489,37.25,2104.75,,,
minnie,537245.210925068,5306049.65512763,wood,2018,2016,50.47,,93.9361,51.4474,1.80503,1,846.621,0.48849,118,489,37.25,2104.75,,,
minnie,537255.210925068,5305759.65512763,wood,2018,2016,63.54,16.63,85.491,51.0057,1.40281,1.75414,847.165,0.581245,118,484,38,2107.5,,,
minnie,537255.210925068,5305769.65512763,wood,2018,2016,61.4,16.02,89.2819,51.0057,1.39076,1.75414,847.15,0.609126,118,484,38,2107.5,,,
minnie,537455.210925068,5305879.65512763,wood,2018,2016,60.39,,83.8056,52.4216,3.42336,0.852411,846.052,0.656205,118,484,38,2107.5,,,
minnie,537455.210925068,5305889.65512763,wood,2018,2016,63.66,,83.8056,52.4216,4.91882,0.403714,846.085,0.647207,118,484,38,2107.5,,,
minnie,537455.210925068,5305919.65512763,wood,2018,2016,67.72,,89.1153,52.4216,5.18256,0.802929,845.784,0.46336,118,484,38,2107.5,,,
minnie,537455.210925068,5305929.65512763,wood,2018,2016,64.06,,89.1153,79.6257,5.37885,0.0504364,845.769,0.497441,118,484,38,2107.5,,,
minnie,537605.210925068,5305889.65512763,wood,2018,2016,40.96,,97.3838,107.293,3.06358,2.21178,843.989,0.491314,116,468,39.75,2127,,,
minnie,537375.210925068,5306089.65512763,wood,2018,2016,41.41,25.98,103.96,47.52,4.31052,0.191105,844.623,0.423916,118,489,37.25,2104.75,,,
minnie,537375.210925068,5306079.65512763,wood,2018,2016,49.2,28.38,103.96,46.71,2.68304,0.808544,844.686,0.461229,118,489,37.25,2104.75,,,
minnie,537375.210925068,5306069.65512763,wood,2018,2016,53.68,32.75,101.2,45.9,0.795008,1,844.807,0.520259,118,489,37.25,2104.75,,,
minnie,537375.210925068,5306099.65512763,wood,2018,2016,37.24,26.21,105.967,47.52,1.89273,1.19075,844.596,0.371385,118,489,37.25,2104.75,,,
minnie,537425.210925068,5305869.65512763,wood,2018,2016,66.24,48.39,95.5747,51.3205,4.45227,1,845.416,0.528231,118,484,38,2107.5,,,
minnie,537425.210925068,5305859.65512763,wood,2018,2016,60.58,46.35,95.5747,51.3205,4.46496,1,845.336,0.474781,118,484,38,2107.5,,,
minnie,537425.210925068,5305899.65512763,wood,2018,2016,71.44,40.78,95.3971,51.3205,5.00503,1,845.307,0.460855,118,484,38,2107.5,,,
minnie,537425.210925068,5305909.65512763,wood,2018,2016,67.41,45.9,95.3971,51.3205,4.96337,1,845.248,0.448027,118,484,38,2107.5,,,
minnie,537425.210925068,5305879.65512763,wood,2018,2016,65.27,49.99,95.5747,51.3205,4.7815,1.14794,845.454,0.561125,118,484,38,2107.5,,,
minnie,537425.210925068,5305889.65512763,wood,2018,2016,66.12,45.13,95.3971,51.3205,4.96563,1.59769,845.377,0.499577,118,484,38,2107.5,,,
minnie,537455.210925068,5306029.65512763,wood,2018,2016,70.24,,95.0714,91.7762,0.96604,1.25639,845.089,0.45837,118,489,37.25,2104.75,,,
minnie,537455.210925068,5306049.65512763,wood,2018,2016,72.46,,95.0714,91.7762,2.07528,0.256387,844.982,0.465666,118,489,37.25,2104.75,,,
minnie,537455.210925068,5306059.65512763,wood,2018,2016,72.6,,95.0714,91.7762,4.19963,0.399278,844.944,0.509562,118,489,37.25,2104.75,,,
minnie,537455.210925068,5306109.65512763,wood,2018,2016,55.65,,99.0063,93.7948,5.18089,1.74361,844.352,0.527755,116.443,482.487,37.7809,2111.05,,,
minnie,537595.210925068,5305889.65512763,wood,2018,2016,45.88,,97.3838,107.293,3.17466,2.85413,843.991,0.479866,116,468,39.75,2127,,,
minnie,537645.210925068,5305889.65512763,wood,2018,2016,50.84,,97.3838,101.051,3.92106,2,844.421,0.428583,116,468,39.75,2127,,,
minnie,537455.210925068,5306099.65512763,wood,2018,2016,61.73,,99.0063,93.7948,5.07399,1.74361,844.465,0.483114,118,489,37.25,2104.75,,,
minnie,537455.210925068,5306089.65512763,wood,2018,2016,64,,99.0063,93.7948,5.17437,1.74361,844.574,0.446903,118,489,37.25,2104.75,,,
minnie,537585.210925068,5305889.65512763,wood,2018,2016,52.3,,97.3838,107.293,2.71669,3,844.015,0.346978,116,468,39.75,2127,,,
minnie,537505.210925068,5306129.65512763,wood,2018,2016,21.35,,100.439,102.497,4.90007,2.50235,844.621,0.390261,107,443,41,2149.25,,,
minnie,537455.210925068,5306149.65512763,wood,2018,2016,8.46,,96.5742,58.995,5.0158,1,843.693,0.432327,109.82,454.794,40.0386,2137.84,,,
minnie,537515.210925068,5306129.65512763,wood,2018,2016,38.02,,100.439,102.497,5.04501,5.61027,845.36,1.28534,107,443,41,2149.25,,,
minnie,537385.210925068,5305839.65512763,wood,2018,2016,52.14,27.7,95.9693,20.0534,4.20374,1,844.466,0.439196,118,484,38,2107.5,,,
minnie,537615.210925068,5306049.65512763,wood,2018,2016,38.42,,97.9368,102.045,3.38958,6.01415,843.514,1.52153,107,443,41,2149.25,,,
minnie,537375.210925068,5306139.65512763,wood,2018,2016,46.35,41.11,94.9757,51.3,2.07208,1.79557,845.273,0.551421,118,489,37.25,2104.75,,,
minnie,537585.210925068,5306039.65512763,wood,2018,2016,25.25,,96.4468,102.926,0.38155,1.80714,843.852,0.428488,107,443,41,2149.25,,,
minnie,537585.210925068,5306029.65512763,wood,2018,2016,51.95,,96.4468,102.926,0.0816533,2,844.167,0.552874,107,443,41,2149.25,,,
minnie,537335.210925068,5305849.65512763,wood,2018,2016,66.76,33.05,92.9826,68.8991,1.86054,1,844.649,0.524226,118,484,38,2107.5,,,
minnie,537335.210925068,5305819.65512763,wood,2018,2016,73.91,39.09,91.4572,51.435,1.71742,1,844.473,0.474311,118,484,38,2107.5,,,
minnie,537335.210925068,5305829.65512763,wood,2018,2016,78.29,34.55,91.4572,51.435,1.78727,1,844.523,0.487852,118,484,38,2107.5,,,
minnie,537255.210925068,5305799.65512763,wood,2018,2016,58.84,21.04,96.3281,52.2574,1.36715,1.75414,846.977,0.56716,118,484,38,2107.5,,,
minnie,537255.210925068,5305809.65512763,wood,2018,2016,57.02,18.92,96.3281,52.2574,1.36989,1.60261,846.962,0.588522,118,484,38,2107.5,,,
minnie,537585.210925068,5305939.65512763,wood,2018,2016,55.13,,80.96,89.7383,2.67621,0.803631,845.983,0.692807,116,468,39.75,2127,,,
minnie,537585.210925068,5305949.65512763,wood,2018,2016,64.35,,87.3117,98.9064,1.51501,0.0515636,846.051,0.672469,116,468,39.75,2127,,,
minnie,537585.210925068,5305959.65512763,wood,2018,2016,64.32,,87.3117,98.9064,0.115379,0.407251,845.974,0.621009,114.239,463.108,39.9946,2131.35,,,
minnie,537285.210925068,5305779.65512763,wood,2018,2016,72.55,36.07,85.6101,52.7699,1.4905,2,846.089,0.462916,118,484,38,2107.5,,,
minnie,537585.210925068,5306009.65512763,wood,2018,2016,63.31,,97.6635,101.416,0.202129,2,844.558,0.421093,107,443,41,2149.25,,,
minnie,537585.210925068,5305919.65512763,wood,2018,2016,25.56,,93.0663,100.354,3.03885,2,845.329,0.519019,116,468,39.75,2127,,,
minnie,537585.210925068,5305929.65512763,wood,2018,2016,54.48,,93.0663,100.354,2.97998,1.80328,845.72,0.621276,116,468,39.75,2127,,,
minnie,537715.210925068,5305949.65512763,wood,2018,2016,57.02,,121.933,103.926,2.0338,1.41287,844.363,0.620338,116,468,39.75,2127,,,
minnie,537535.210925068,5306039.65512763,wood,2018,2016,42.97,,99.0316,113.842,0.970494,2.06774,844.271,0.3618,107,443,41,2149.25,,,
minnie,537535.210925068,5306029.65512763,wood,2018,2016,46.21,,98.5817,104.469,0.714419,2.05035,844.521,0.453343,107,443,41,2149.25,,,
minnie,537535.210925068,5306019.65512763,wood,2018,2016,45.77,,98.5817,104.469,0.657828,2,844.577,0.356989,107,443,41,2149.25,,,
minnie,537535.210925068,5305949.65512763,wood,2018,2016,69.79,,89.5307,103.173,4.44571,0.196018,846,0.601429,116,468,39.75,2127,,,
minnie,537425.210925068,5306079.65512763,wood,2018,2016,62.5,35.49,83.5107,51.5862,6.08264,1.25463,844.989,0.6287,118,489,37.25,2104.75,,,
minnie,537425.210925068,5306069.65512763,wood,2018,2016,54.76,25.1,89.3058,51.5862,2.55519,1.04884,845.185,0.614768,118,489,37.25,2104.75,,,
minnie,537285.210925068,5305959.65512763,wood,2018,2016,47.15,37.18,94.1275,51.8535,1.46221,1.80433,845.779,0.460814,118,489,37.25,2104.75,,,
minnie,537285.210925068,5305969.65512763,wood,2018,2016,43.91,34.62,94.1275,51.8535,1.57054,1,845.76,0.444566,118,489,37.25,2104.75,,,
minnie,537285.210925068,5305979.65512763,wood,2018,2016,47.47,38.46,94.8129,51.8535,1.64061,1,845.777,0.462476,118,489,37.25,2104.75,,,
minnie,537285.210925068,5305989.65512763,wood,2018,2016,50.02,37.07,94.8129,45.09,1.63809,1,845.791,0.474371,118,489,37.25,2104.75,,,
minnie,537335.210925068,5305789.65512763,wood,2018,2016,70.12,42.56,84.4427,96.1708,1.82204,1,844.393,0.486044,118,484,38,2107.5,,,
minnie,537335.210925068,5305799.65512763,wood,2018,2016,69.03,43.97,91.4572,96.1708,1.75213,1,844.446,0.512639,118,484,38,2107.5,,,
minnie,537335.210925068,5305779.65512763,wood,2018,2016,62.64,36.04,84.4427,103.126,1.66546,1,844.354,0.474617,118,484,38,2107.5,,,
minnie,537285.210925068,5306039.65512763,wood,2018,2016,75.22,31.89,94.8129,21.06,1.58051,1.65525,845.807,0.487667,118,489,37.25,2104.75,,,
minnie,537285.210925068,5306029.65512763,wood,2018,2016,65.15,28.2,94.8129,21.06,1.55202,1.14544,845.821,0.504788,118,489,37.25,2104.75,,,
minnie,537285.210925068,5306079.65512763,wood,2018,2016,54.8,31.54,101.284,38.1926,1.63666,1.04741,845.685,0.479741,118,489,37.25,2104.75,,,
minnie,537285.210925068,5306089.65512763,wood,2018,2016,47.91,33.35,101.284,34.9337,1.64957,1.24761,845.712,0.482058,118,489,37.25,2104.75,,,
minnie,537285.210925068,5306099.65512763,wood,2018,2016,45.9,37.37,104.608,41.8743,1.61108,1.24761,845.728,0.47765,118,489,37.25,2104.75,,,
minnie,537285.210925068,5306109.65512763,wood,2018,2016,41.86,34.49,104.608,41.8743,1.59976,1.20047,845.735,0.46559,118,489,37.25,2104.75,,,
minnie,537285.210925068,5306119.65512763,wood,2018,2016,41.3,34.15,105.294,52.6009,1.6195,1,845.737,0.448151,118,489,37.25,2104.75,,,
minnie,537285.210925068,5306129.65512763,wood,2018,2016,47.24,31.68,105.294,50.139,1.68926,1.04697,845.752,0.437879,118,489,37.25,2104.75,,,
minnie,537285.210925068,5306139.65512763,wood,2018,2016,47.4,37.99,99.5693,50.139,1.8232,1.20073,845.796,0.44952,118,489,37.25,2104.75,,,
minnie,537285.210925068,5306159.65512763,wood,2018,2016,10.97,34.51,99.0996,50.8183,1.84141,1,845.902,0.456214,118,489,37.25,2104.75,,,
minnie,537315.210925068,5306169.65512763,wood,2018,2016,29.64,4.29,99.0996,50.8183,3.2199,0.390424,845.612,0.413603,118,489,37.25,2104.75,,,
minnie,537375.210925068,5306049.65512763,wood,2018,2016,52.1,37.65,96.922,0,4.50005,0.0485458,844.943,0.500327,118,489,37.25,2104.75,,,
minnie,537375.210925068,5306039.65512763,wood,2018,2016,59.59,30.9,96.922,0,4.34884,0.203541,844.969,0.470394,118,489,37.25,2104.75,,,
minnie,537685.210925068,5305929.65512763,wood,2018,2016,6.3,,92.2452,98.9674,1.77832,1.21554,844.988,0.509928,116,468,39.75,2127,,,
minnie,537685.210925068,5305899.65512763,wood,2018,2016,49.96,,104.782,101.655,2.17013,2,844.646,0.566278,116,468,39.75,2127,,,
minnie,537685.210925068,5305909.65512763,wood,2018,2016,53.32,,104.782,101.655,2.00754,2,844.858,0.645846,116,468,39.75,2127,,,
minnie,537425.210925068,5305759.65512763,wood,2018,2016,58.34,47.14,84.4427,52.2817,3.23152,1,844.461,0.516999,118,484,38,2107.5,,,
minnie,537425.210925068,5305729.65512763,wood,2018,2016,6.58,43.07,86.25,51.5133,3.05892,1,843.915,0.495365,118,484,38,2107.5,,,
minnie,537425.210925068,5305739.65512763,wood,2018,2016,23.46,41.48,86.25,51.5133,2.88415,1,844.081,0.498321,118,484,38,2107.5,,,
minnie,537425.210925068,5305749.65512763,wood,2018,2016,55.04,50.45,84.4427,51.5133,3.39397,1,844.254,0.501044,118,484,38,2107.5,,,
minnie,537255.210925068,5305709.65512763,wood,2018,2016,55.78,20.04,94.9274,51.1861,1.40835,1.75414,847.359,0.553552,118,484,38,2107.5,,,
minnie,537255.210925068,5305719.65512763,wood,2018,2016,57.3,19.96,89.9829,51.1861,1.45863,1.75414,847.355,0.597658,118,484,38,2107.5,,,
minnie,537425.210925068,5305809.65512763,wood,2018,2016,69.7,39.25,94.8663,51.2325,4.5638,1,845.195,0.561762,118,484,38,2107.5,,,
minnie,537425.210925068,5305769.65512763,wood,2018,2016,59.26,35.71,87.86,52.2817,3.02593,1,844.69,0.552997,118,484,38,2107.5,,,
minnie,537675.210925068,5305979.65512763,wood,2018,2016,25.3,,84.7237,103.195,0.979652,2.14272,844.802,0.435891,107,443,41,2149.25,,,
minnie,537285.210925068,5305739.65512763,wood,2018,2016,51.87,41.97,81.1725,50.1709,1.32888,1.40036,846.319,0.452903,118,484,38,2107.5,,,
minnie,537385.210925068,5305919.65512763,wood,2018,2016,62.62,41.22,97.5333,35.7264,2.38328,0,844.953,0.525051,118,484,38,2107.5,,,
minnie,537375.210925068,5306129.65512763,wood,2018,2016,45.32,28.95,99.4437,0,2.06382,2.35379,845.172,0.62141,118,489,37.25,2104.75,,,
minnie,537375.210925068,5306149.65512763,wood,2018,2016,16.18,41.39,97.2302,51.3,2.13276,2,845.45,0.537759,118,489,37.25,2104.75,,,
minnie,537285.210925068,5305929.65512763,wood,2018,2016,43.75,37.88,98.3209,51.0786,1.4942,1.80328,845.851,0.497968,118,489,37.25,2104.75,,,
minnie,537285.210925068,5305919.65512763,wood,2018,2016,44.49,38.11,98.3209,51.0786,1.57994,2,845.866,0.49827,118,484.985,37.8522,2106.96,,,
minnie,537285.210925068,5305879.65512763,wood,2018,2016,53.95,33.34,98.0426,52.5026,1.51124,2,845.898,0.46694,118,484,38,2107.5,,,
minnie,537285.210925068,5305889.65512763,wood,2018,2016,52.18,31.39,98.0426,52.5026,1.57373,2,845.92,0.507167,118,484,38,2107.5,,,
minnie,537385.210925068,5305789.65512763,wood,2018,2016,55.32,33.71,96.2716,35.1,4.57343,1,844.438,0.59022,118,484,38,2107.5,,,
minnie,537385.210925068,5305799.65512763,wood,2018,2016,51.31,35.92,96.8093,41.0157,4.87172,1,844.356,0.472153,118,484,38,2107.5,,,
minnie,537555.210925068,5306089.65512763,wood,2018,2016,45.04,,95.646,102.045,1.54077,7.4214,844.793,2.32035,107,443,41,2149.25,,,
minnie,537545.210925068,5306109.65512763,wood,2018,2016,44.29,,0,102.497,1.12967,10.8373,843.92,1.66621,107,443,41,2149.25,,,
minnie,537525.210925068,5306109.65512763,wood,2018,2016,7.61,,95.646,102.497,3.00865,3.02194,845.113,0.768716,107,443,41,2149.25,,,
minnie,537635.210925068,5306039.65512763,wood,2018,2016,39.89,,96.715,103.753,3.82063,5.83112,843.466,1.51538,107,443,41,2149.25,,,
minnie,537635.210925068,5306049.65512763,wood,2018,2016,42.78,,0,0,1.86042,17.0441,843.225,3.04312,107,443,41,2149.25,,,
minnie,537585.210925068,5306069.65512763,wood,2018,2016,38.03,,95.646,102.045,3.85575,7.47283,843.812,1.7589,107,443,41,2149.25,,,
minnie,537695.210925068,5305909.65512763,wood,2018,2016,56.51,,94.2016,105.647,1.88905,2.73133,844.572,0.634552,116,468,39.75,2127,,,
minnie,537525.210925068,5306119.65512763,wood,2018,2016,29.23,,100.439,102.497,3.59378,4.18596,845.736,1.57924,107,443,41,2149.25,,,
minnie,537565.210925068,5306079.65512763,wood,2018,2016,38.9,,95.646,102.045,3.48074,8.65981,843.867,1.07603,107,443,41,2149.25,,,
minnie,537545.210925068,5306099.65512763,wood,2018,2016,54.35,,95.646,102.497,3.6726,5.79608,844.704,1.78679,107,443,41,2149.25,,,
minnie,537535.210925068,5306109.65512763,wood,2018,2016,33.66,,95.646,102.497,2.02062,5.17589,844.651,1.4365,107,443,41,2149.25,,,
minnie,537455.210925068,5305799.65512763,wood,2018,2016,60.62,,89.9981,3.9728,1.93483,1.14968,844.967,0.607593,118,484,38,2107.5,,,
minnie,537285.210925068,5305789.65512763,wood,2018,2016,68.21,35.89,85.6101,52.7699,1.51423,2,846.065,0.470284,118,484,38,2107.5,,,
minnie,537435.210925068,5305209.65512763,wood,2018,2016,53.69,28.23,94.5806,50.8421,6.11252,2,840.873,0.559822,118,484,38,2107.5,,,
minnie,537435.210925068,5305219.65512763,wood,2018,2016,55.5,30.68,94.5806,50.8421,6.02101,2.05651,840.474,0.528236,118,484,38,2107.5,,,
minnie,537425.210925068,5305209.65512763,wood,2018,2016,77.82,41.27,90.528,50.8421,4.95939,2.05653,840.826,0.514742,118,484,38,2107.5,,,
minnie,537435.210925068,5305199.65512763,wood,2018,2016,42.94,27.87,94.5806,50.8421,2.6729,2,841.257,0.623342,118,484,38,2107.5,,,
minnie,537485.210925068,5306129.65512763,wood,2018,2016,33,,26.0944,102.055,2.61877,1,844.385,0.517905,107,443,41,2149.25,,,
minnie,537475.210925068,5306129.65512763,wood,2018,2016,19.89,,26.0944,102.055,5.61577,1,844.37,0.578267,107,443,41,2149.25,,,
minnie,537425.210925068,5305919.65512763,wood,2018,2016,61.13,38.87,0,51.3205,4.94511,1,845.206,0.432117,118,484,38,2107.5,,,
minnie,537455.210925068,5305819.65512763,wood,2018,2016,50.54,,83.8056,0,1.83883,1,844.956,0.438944,118,484,38,2107.5,,,
minnie,537455.210925068,5305809.65512763,wood,2018,2016,66.62,,2.32576,0,1.55511,1.5942,844.953,0.520962,118,484,38,2107.5,,,
minnie,537585.210925068,5305969.65512763,wood,2018,2016,61.55,,91.7424,0,0.18278,1.19532,845.842,0.6181,107,443,41,2149.25,,,
minnie,537585.210925068,5305979.65512763,wood,2018,2016,58.82,,91.7424,0,0.0495436,2,845.591,0.5822,107,443,41,2149.25,,,
minnie,537585.210925068,5305989.65512763,wood,2018,2016,59.23,,91.7424,0,0.89666,2,845.273,0.542342,107,443,41,2149.25,,,
minnie,537585.210925068,5305999.65512763,wood,2018,2016,64.54,,91.7424,0,3.75979,2,844.907,0.481473,107,443,41,2149.25,,,
minnie,537595.210925068,5306059.65512763,wood,2018,2016,36.48,,97.9368,102.045,3.09022,4.58771,843.507,1.36435,107,443,41,2149.25,,,
minnie,537625.210925068,5306049.65512763,wood,2018,2016,38.34,,0,103.753,4.006,9.81531,843.609,2.15921,107,443,41,2149.25,,,
minnie,537615.210925068,5306059.65512763,wood,2018,2016,36.73,,0,102.045,1.82111,16.257,843.905,3.58797,107,443,41,2149.25,,,
minnie,537715.210925068,5305929.65512763,wood,2018,2016,49.46,,0,107.815,2.27911,4.60656,843.884,0.585435,116,468,39.75,2127,,,
minnie,537715.210925068,5305939.65512763,wood,2018,2016,68.91,,0,107.815,2.1705,2.66023,844.277,0.697099,116,468,39.75,2127,,,
minnie,537425.210925068,5305309.65512763,wood,2018,2016,14.39,32.09,97.175,51.7153,5.69095,2.58252,836.437,0.385194,118,484,38,2107.5,,,
minnie,537435.210925068,5305309.65512763,wood,2018,2016,50.77,31.8,106.284,51.7153,5.56982,3.52654,836.683,0.46069,118,484,38,2107.5,,,
minnie,537265.210925068,5305459.65512763,wood,2018,2016,43.11,44.87,88.0412,100.342,2.42096,0.947504,848.829,0.589795,118,484,38,2107.5,,,
minnie,537265.210925068,5305429.65512763,wood,2018,2016,56.23,39.7,94.9325,84.564,2.53936,0.947245,848.401,0.549247,118,484,38,2107.5,,,
minnie,537265.210925068,5305449.65512763,wood,2018,2016,46.32,42.94,94.9325,84.564,2.96908,1,848.668,0.546187,118,484,38,2107.5,,,
minnie,537265.210925068,5305439.65512763,wood,2018,2016,48.78,37.73,94.9325,84.564,2.84517,0.80646,848.573,0.580177,118,484,38,2107.5,,,
minnie,537255.210925068,5305699.65512763,wood,2018,2016,50.16,19.33,102.078,51.1861,1.18772,1.75414,847.444,0.58317,118,484,38,2107.5,,,
minnie,537255.210925068,5305729.65512763,wood,2018,2016,62.84,20.18,89.9829,51.1861,1.40883,1.75414,847.306,0.593105,118,484,38,2107.5,,,
minnie,537255.210925068,5305739.65512763,wood,2018,2016,59.51,17.97,85.491,51.1861,1.38402,1.75414,847.285,0.61649,118,484,38,2107.5,,,
minnie,537255.210925068,5305749.65512763,wood,2018,2016,60.66,19.59,85.491,51.1861,1.33223,1.75414,847.235,0.607296,118,484,38,2107.5,,,
minnie,537255.210925068,5305689.65512763,wood,2018,2016,45.8,13.67,43.6163,51.3,1.13504,1.75414,847.467,0.523565,118,484,38,2107.5,,,
minnie,537255.210925068,5305679.65512763,wood,2018,2016,50.13,18.07,97.06,0,0.938188,1.75414,847.589,0.524475,118,484,38,2107.5,,,
minnie,537385.210925068,5305969.65512763,wood,2018,2016,65.79,34.31,97.5333,39.96,3.8936,0.195316,845.084,0.481772,118,489,37.25,2104.75,,,
minnie,537265.210925068,5305559.65512763,wood,2018,2016,42.92,36.85,82.6744,0,5.73538,1,848.969,0.547203,118,484,38,2107.5,,,
minnie,537265.210925068,5305549.65512763,wood,2018,2016,40.53,33.38,87.1958,0,5.79242,0.404548,849.068,0.540877,118,484,38,2107.5,,,
minnie,537265.210925068,5305329.65512763,wood,2018,2016,43.68,36.07,96.5733,23.0234,1.54388,2.53601,847.122,0.616643,118,484,38,2107.5,,,
minnie,537265.210925068,5305339.65512763,wood,2018,2016,48.44,36.53,96.5733,25.5744,1.69323,1.75379,847.135,0.602964,118,484,38,2107.5,,,
minnie,537455.210925068,5306009.65512763,wood,2018,2016,67.35,,95.0714,91.7762,0.97179,1.04972,845.199,0.454887,118,489,37.25,2104.75,,,
minnie,537455.210925068,5306019.65512763,wood,2018,2016,65.8,,95.0714,91.7762,0.905772,1.25639,845.111,0.426666,118,489,37.25,2104.75,,,
minnie,537455.210925068,5305999.65512763,wood,2018,2016,65.31,,95.0714,91.7762,0.890669,1,845.287,0.472051,118,489,37.25,2104.75,,,
minnie,537425.210925068,5305989.65512763,wood,2018,2016,54.33,33.75,94.1542,51.3205,3.23948,1.10957,845.881,0.718356,118,489,37.25,2104.75,,,
minnie,537425.210925068,5305979.65512763,wood,2018,2016,53.76,35.79,94.1542,51.3205,3.27661,1.04964,845.648,0.561725,118,489,37.25,2104.75,,,
minnie,537425.210925068,5305959.65512763,wood,2018,2016,53.96,41.64,97.9363,51.3205,2.78742,0.400476,845.381,0.471453,118,489,37.25,2104.75,,,
minnie,537425.210925068,5306019.65512763,wood,2018,2016,60.3,36.08,94.1542,51.3205,1.64579,1,845.922,0.69478,118,489,37.25,2104.75,,,
minnie,537425.210925068,5305969.65512763,wood,2018,2016,52.57,39.44,97.9363,51.3205,2.65325,1,845.482,0.486633,118,489,37.25,2104.75,,,
minnie,537425.210925068,5305999.65512763,wood,2018,2016,54.72,38.78,94.1542,51.3205,2.67861,0.459798,845.985,0.770967,118,489,37.25,2104.75,,,
minnie,537455.210925068,5305989.65512763,wood,2018,2016,70.89,,95.0714,91.7762,0.505773,1,845.358,0.454868,118,489,37.25,2104.75,,,
minnie,537425.210925068,5306009.65512763,wood,2018,2016,59.77,36.19,94.1542,51.3205,1.91968,0.399168,845.978,0.734773,118,489,37.25,2104.75,,,
minnie,537455.210925068,5305979.65512763,wood,2018,2016,70.07,,95.0714,91.7762,0.45121,1,845.47,0.478132,118,489,37.25,2104.75,,,
minnie,537455.210925068,5305959.65512763,wood,2018,2016,69.86,,95.0714,91.7762,4.37877,0.949834,845.722,0.582304,118,489,37.25,2104.75,,,
minnie,537455.210925068,5305969.65512763,wood,2018,2016,67.57,,95.0714,91.7762,1.54443,0.79369,845.628,0.557858,118,489,37.25,2104.75,,,
minnie,537455.210925068,5305849.65512763,wood,2018,2016,63.04,,83.8056,59.1791,2.59736,1.59524,845.443,0.498856,118,484,38,2107.5,,,
minnie,537455.210925068,5305859.65512763,wood,2018,2016,62.55,,83.8056,46.6522,2.77678,1,845.694,0.562877,118,484,38,2107.5,,,
minnie,537455.210925068,5305869.65512763,wood,2018,2016,59.61,,83.8056,46.6522,3.1803,1,845.854,0.568352,118,484,38,2107.5,,,
minnie,537455.210925068,5305899.65512763,wood,2018,2016,63.69,,83.8056,52.4216,5.55563,1,845.993,0.566071,118,484,38,2107.5,,,
minnie,537455.210925068,5305939.65512763,wood,2018,2016,67.03,,89.1153,79.6257,4.93551,0.402409,845.741,0.506119,118,484,38,2107.5,,,
minnie,537425.210925068,5305849.65512763,wood,2018,2016,57.32,51.77,95.5747,51.6445,4.56964,1,845.303,0.48898,118,484,38,2107.5,,,
minnie,537455.210925068,5305909.65512763,wood,2018,2016,69.81,,89.1153,52.4216,5.61675,1,845.858,0.477907,118,484,38,2107.5,,,
minnie,537455.210925068,5305949.65512763,wood,2018,2016,68.96,,89.1153,91.7762,4.78793,1,845.732,0.536968,118,484.98,37.853,2106.96,,,
minnie,537425.210925068,5305949.65512763,wood,2018,2016,55.05,38.31,97.9363,51.3205,3.45247,0.254632,845.294,0.45264,118,489,37.25,2104.75,,,
minnie,537425.210925068,5305939.65512763,wood,2018,2016,62.91,52.71,97.9363,51.3205,4.12243,0.853633,845.214,0.417724,118,484.982,37.8527,2106.96,,,
minnie,537425.210925068,5305929.65512763,wood,2018,2016,61.28,36.5,0,51.3205,4.65621,1,845.163,0.387605,118,484,38,2107.5,,,
minnie,537455.210925068,5306119.65512763,wood,2018,2016,55.13,,99.0063,93.7948,5.48052,1.74361,844.168,0.501038,109.82,454.794,40.0386,2137.84,,,
minnie,537455.210925068,5306129.65512763,wood,2018,2016,55.99,,101.332,92.5063,5.55905,1.74361,843.877,0.356571,109.82,454.794,40.0386,2137.84,,,
minnie,537455.210925068,5306139.65512763,wood,2018,2016,40.61,,101.332,92.5063,5.14143,1.60281,843.738,0.362481,109.82,454.794,40.0386,2137.84,,,
minnie,537435.210925068,5305189.65512763,wood,2018,2016,39.44,31.75,94.5806,50.8421,0.778061,1.42089,841.539,0.631873,118,484,38,2107.5,,,
minnie,537425.210925068,5305189.65512763,wood,2018,2016,73.25,38.04,90.528,50.8421,1.6941,2,841.589,0.605009,118,484,38,2107.5,,,
minnie,537435.210925068,5305179.65512763,wood,2018,2016,46.95,34.3,94.5806,50.8421,0.941744,1.05687,841.711,0.589583,118,484,38,2107.5,,,
minnie,537435.210925068,5305169.65512763,wood,2018,2016,50.89,27.61,94.5806,50.8421,1.11829,1.77661,841.824,0.548612,118,484,38,2107.5,,,
minnie,537425.210925068,5305169.65512763,wood,2018,2016,69.19,35.94,90.528,50.8421,1.02102,1.63574,842.006,0.592577,118,484,38,2107.5,,,
minnie,537425.210925068,5305179.65512763,wood,2018,2016,68.67,41.11,90.528,50.8421,0.726853,1.42088,841.837,0.603,118,484,38,2107.5,,,
minnie,537425.210925068,5306149.65512763,wood,2018,2016,47.98,43.83,96.5742,50.2875,1.67171,0.443631,843.533,0.190297,118,489,37.25,2104.75,,,
minnie,537425.210925068,5306139.65512763,wood,2018,2016,58.03,42.53,17.6474,4.32,4.15208,0.858865,843.586,0.271319,118,489,37.25,2104.75,,,
minnie,537425.210925068,5306119.65512763,wood,2018,2016,65.18,49.15,78.9935,48.1858,3.70932,1,843.995,0.4601,118,489,37.25,2104.75,,,
minnie,537425.210925068,5306109.65512763,wood,2018,2016,65.7,36.96,78.9935,48.1858,5.74027,1,844.247,0.520122,118,489,37.25,2104.75,,,
minnie,537425.210925068,5306129.65512763,wood,2018,2016,61.73,40.67,90.3693,48.1858,0.997905,1,843.844,0.458237,118,489,37.25,2104.75,,,
minnie,537605.210925068,5306059.65512763,wood,2018,2016,38.67,,97.9368,102.045,3.76471,9.88066,843.563,1.95894,107,443,41,2149.25,,,
minnie,537425.210925068,5305299.65512763,wood,2018,2016,66.08,27.81,97.175,0,5.67776,2.94428,836.893,0.430591,118,484,38,2107.5,,,
minnie,537425.210925068,5305289.65512763,wood,2018,2016,76.29,36.25,102.956,50.5883,5.75368,3,837.365,0.486353,118,484,38,2107.5,,,
minnie,537435.210925068,5305289.65512763,wood,2018,2016,45.98,29.59,106.284,50.5883,5.69727,3,837.551,0.512394,118,484,38,2107.5,,,
minnie,537435.210925068,5305299.65512763,wood,2018,2016,55.73,28.65,106.284,51.7153,5.58979,3.16303,837.148,0.517614,118,484,38,2107.5,,,
minnie,537675.210925068,5305899.65512763,wood,2018,2016,47.27,,104.782,101.051,2.59807,1.94707,844.935,0.578729,116,468,39.75,2127,,,
minnie,537665.210925068,5305899.65512763,wood,2018,2016,46.2,,105.498,101.051,2.95017,1.80223,845.018,0.614171,116,468,39.75,2127,,,
minnie,537285.210925068,5306149.65512763,wood,2018,2016,37.27,38.51,109.02,50.8183,1.82402,1,845.879,0.485286,118,489,37.25,2104.75,,,
minnie,537285.210925068,5306059.65512763,wood,2018,2016,69.25,33.46,98.5656,27.9326,1.61213,1.14458,845.676,0.507844,118,489,37.25,2104.75,,,
minnie,537285.210925068,5306069.65512763,wood,2018,2016,63.61,32.25,98.5656,38.1926,1.59308,1.60807,845.679,0.495188,118,489,37.25,2104.75,,,
minnie,537425.210925068,5305099.65512763,wood,2018,2016,77.82,33.23,82.455,50.8421,1.51727,1,842.453,0.658189,118,484,38,2107.5,,,
minnie,537425.210925068,5305079.65512763,wood,2018,2016,35.88,46.26,2.4081,50.76,2.60275,3.12367,842.203,1.09448,118,484,38,2107.5,,,
minnie,537425.210925068,5305089.65512763,wood,2018,2016,60.92,34.95,82.455,50.76,2.15939,1,842.396,0.833097,118,484,38,2107.5,,,
minnie,537325.210925068,5306169.65512763,wood,2018,2016,46.31,,99.0996,51.2357,4.03054,1,845.744,0.506639,118,489,37.25,2104.75,,,
minnie,537325.210925068,5306149.65512763,wood,2018,2016,64.08,45.1,100.628,50.0143,3.42136,1,845.552,0.513957,118,489,37.25,2104.75,,,
minnie,537335.210925068,5306149.65512763,wood,2018,2016,63.22,50.52,100.628,50.0143,3.37304,1,845.559,0.49092,118,489,37.25,2104.75,,,
minnie,537325.210925068,5306159.65512763,wood,2018,2016,50.37,33.39,99.0996,51.2357,4.02631,1,845.664,0.51995,118,489,37.25,2104.75,,,
minnie,537335.210925068,5306109.65512763,wood,2018,2016,57.95,43.77,100.628,49.8274,3.31202,1,845.081,0.477025,118,489,37.25,2104.75,,,
minnie,537335.210925068,5306129.65512763,wood,2018,2016,61.63,39.31,100.628,38.7574,3.38986,1,845.29,0.463544,118,489,37.25,2104.75,,,
minnie,537335.210925068,5306139.65512763,wood,2018,2016,69.13,41.73,100.628,38.7574,3.55097,1,845.467,0.519489,118,489,37.25,2104.75,,,
minnie,537335.210925068,5306119.65512763,wood,2018,2016,64.26,44.92,100.628,46.6857,2.88122,1,845.167,0.454124,118,489,37.25,2104.75,,,
minnie,537335.210925068,5306099.65512763,wood,2018,2016,61.65,44.47,100.468,49.9257,2.64735,1,844.975,0.457826,118,489,37.25,2104.75,,,
minnie,537245.210925068,5305919.65512763,wood,2018,2016,56.65,,96.4947,50.2308,1.58343,0.148758,846.805,0.541108,118,484.985,37.8522,2106.96,,,
minnie,537245.210925068,5305929.65512763,wood,2018,2016,63.04,,96.4947,50.2308,1.37604,0.803071,846.802,0.55142,118,489,37.25,2104.75,,,
minnie,537245.210925068,5305909.65512763,wood,2018,2016,53.62,,96.4947,50.895,1.62743,0,846.801,0.520452,118,484,38,2107.5,,,
minnie,537245.210925068,5305889.65512763,wood,2018,2016,56.31,,95.3516,50.895,1.98088,0.149553,846.859,0.544826,118,484,38,2107.5,,,
minnie,537245.210925068,5305879.65512763,wood,2018,2016,64.75,,95.3516,50.895,1.63505,0,846.883,0.546384,118,484,38,2107.5,,,
minnie,537245.210925068,5305899.65512763,wood,2018,2016,58.13,,95.3516,50.895,1.24199,0.605557,846.797,0.499957,118,484,38,2107.5,,,
minnie,537265.210925068,5305389.65512763,wood,2018,2016,54.91,38.97,95.1501,35.8382,2.64068,1.9469,847.618,0.458855,118,484,38,2107.5,,,
minnie,537265.210925068,5305379.65512763,wood,2018,2016,51.02,36.5,95.1501,35.8382,2.2286,1.21602,847.432,0.453441,118,484,38,2107.5,,,
minnie,537265.210925068,5305399.65512763,wood,2018,2016,49.72,38.67,95.1501,35.8382,2.96365,1.75379,847.923,0.575097,118,484,38,2107.5,,,
minnie,537265.210925068,5305409.65512763,wood,2018,2016,54.53,42.04,95.1501,80.6809,2.39916,1.59175,848.116,0.590869,118,484,38,2107.5,,,
minnie,537265.210925068,5305419.65512763,wood,2018,2016,52.37,39.9,95.1501,80.6809,2.38722,1,848.251,0.55467,118,484,38,2107.5,,,
minnie,537385.210925068,5305929.65512763,wood,2018,2016,62.21,33.8,97.5333,35.7264,2.90897,0,844.987,0.518521,118,484,38,2107.5,,,
minnie,537385.210925068,5305939.65512763,wood,2018,2016,60.93,37.04,97.5333,35.7264,3.6099,0,845.038,0.526324,118,484.982,37.8527,2106.96,,,
minnie,537255.210925068,5305779.65512763,wood,2018,2016,60.57,18.33,89.2819,50.22,1.38108,1.75414,847.074,0.579483,118,484,38,2107.5,,,
minnie,537255.210925068,5305789.65512763,wood,2018,2016,59.96,19.12,91.6237,50.22,1.36988,1.75414,847.057,0.604289,118,484,38,2107.5,,,
minnie,537245.210925068,5306089.65512763,wood,2018,2016,50.55,,101.631,49.68,1.76313,1,846.819,0.54272,118,489,37.25,2104.75,,,
minnie,537245.210925068,5306099.65512763,wood,2018,2016,55.33,,101.631,49.68,1.67801,1,846.835,0.522457,118,489,37.25,2104.75,,,
minnie,537245.210925068,5306109.65512763,wood,2018,2016,59.88,,97.8816,49.68,1.65061,1.14366,846.859,0.512682,118,489,37.25,2104.75,,,
minnie,537245.210925068,5306079.65512763,wood,2018,2016,55.87,,101.631,52.063,1.75188,1,846.754,0.515547,118,489,37.25,2104.75,,,
minnie,537255.210925068,5306159.65512763,wood,2018,2016,47.66,20.11,96.8042,50.8183,1.77372,1.18865,846.931,0.538561,118,489,37.25,2104.75,,,
minnie,537255.210925068,5306149.65512763,wood,2018,2016,39.99,27.52,91.1426,50.8183,1.74803,1.811,846.878,0.534844,118,489,37.25,2104.75,,,
minnie,537245.210925068,5306169.65512763,wood,2018,2016,24.68,,96.8042,50.8183,1.73955,1.75449,847.192,0.571935,118,489,37.25,2104.75,,,
minnie,537245.210925068,5306159.65512763,wood,2018,2016,38.69,,96.8042,50.8183,1.79005,1.34153,847.102,0.518749,118,489,37.25,2104.75,,,
minnie,537245.210925068,5306149.65512763,wood,2018,2016,33.86,,96.8042,50.8183,1.78247,1.6583,847.079,0.549292,118,489,37.25,2104.75,,,
minnie,537265.210925068,5305349.65512763,wood,2018,2016,49.63,35.65,96.5733,25.5744,1.84978,1.75379,847.19,0.601732,118,484,38,2107.5,,,
minnie,537265.210925068,5305359.65512763,wood,2018,2016,48.7,39.3,96.5733,25.5744,1.8687,1.75379,847.216,0.5434,118,484,38,2107.5,,,
minnie,537265.210925068,5305369.65512763,wood,2018,2016,46.66,31.07,95.1501,35.8382,1.98336,1.59069,847.331,0.522036,118,484,38,2107.5,,,
minnie,537285.210925068,5305749.65512763,wood,2018,2016,54.35,44.58,81.1725,50.1709,1.39401,2,846.282,0.493229,118,484,38,2107.5,,,
minnie,537285.210925068,5305759.65512763,wood,2018,2016,60.42,37.97,81.1725,52.7699,1.34573,2,846.202,0.479238,118,484,38,2107.5,,,
minnie,537285.210925068,5305769.65512763,wood,2018,2016,63.12,34.92,81.1725,52.7699,1.40791,2,846.121,0.450196,118,484,38,2107.5,,,
minnie,537285.210925068,5305729.65512763,wood,2018,2016,52.17,33.24,83.3916,45.4583,1.14838,1.24726,846.401,0.45634,118,484,38,2107.5,,,
minnie,537535.210925068,5305989.65512763,wood,2018,2016,61.35,,89.5307,99.5053,0.343201,1.2606,845.227,0.414328,107,443,41,2149.25,,,
minnie,537685.210925068,5305959.65512763,wood,2018,2016,7.93,,81.0819,112.05,1.08467,1.78418,845.084,0.643358,116,468,39.75,2127,,,
minnie,537675.210925068,5305949.65512763,wood,2018,2016,52.6,,80.2866,91.2843,1.67496,1,845.303,0.631735,116,468,39.75,2127,,,
minnie,537675.210925068,5305959.65512763,wood,2018,2016,49.12,,80.2866,49.5553,1.036,1.14323,845.269,0.676726,116,468,39.75,2127,,,
minnie,537675.210925068,5305969.65512763,wood,2018,2016,42.22,,84.7237,51.4199,0.793566,1.78437,845.048,0.571219,114.242,463.117,39.9941,2131.35,,,
minnie,537685.210925068,5305999.65512763,wood,2018,2016,51.05,,94.9426,97.3798,4.07364,6.02689,844.815,1.88947,107,443,41,2149.25,,,
minnie,537675.210925068,5306009.65512763,wood,2018,2016,40.45,,94.9426,103.47,4.6737,6.59056,844.607,1.8042,107,443,41,2149.25,,,
minnie,537685.210925068,5306009.65512763,wood,2018,2016,46.85,,0,97.3798,1.92007,15.501,843.896,1.98115,107,443,41,2149.25,,,
minnie,537675.210925068,5306019.65512763,wood,2018,2016,40.14,,0,103.47,0.693114,21.5164,843.809,2.33501,107,443,41,2149.25,,,
minnie,537595.210925068,5306069.65512763,wood,2018,2016,38.67,,0,102.045,1.80965,13.0414,843.748,3.10731,107,443,41,2149.25,,,
minnie,537565.210925068,5306089.65512763,wood,2018,2016,42.47,,0,102.045,0.805411,6.43988,844.932,3.07565,107,443,41,2149.25,,,
minnie,537535.210925068,5306079.65512763,wood,2018,2016,5.68,,98.6281,99.8681,1.12484,1.50195,843.877,0.249173,107,443,41,2149.25,,,
minnie,537535.210925068,5306069.65512763,wood,2018,2016,27.24,,98.6281,99.8681,1.3796,2.06879,843.93,0.367532,107,443,41,2149.25,,,
minnie,537535.210925068,5306059.65512763,wood,2018,2016,45.73,,99.0316,32.2526,1.20043,2.05008,844.005,0.374454,107,443,41,2149.25,,,
minnie,537535.210925068,5306049.65512763,wood,2018,2016,39.75,,99.0316,32.2526,1.06929,1.40294,844.178,0.406385,107,443,41,2149.25,,,
minnie,537715.210925068,5305969.65512763,wood,2018,2016,42.5,,118.743,102.883,0.546266,2.51786,844.301,1.22332,116,468,39.75,2127,,,
minnie,537695.210925068,5305999.65512763,wood,2018,2016,49.72,,94.9426,97.3798,0.81402,21.4734,843.397,2.59552,107,443,41,2149.25,,,
minnie,537715.210925068,5305959.65512763,wood,2018,2016,46.78,,121.933,103.926,1.44334,2,844.422,0.782454,116,468,39.75,2127,,,
minnie,537705.210925068,5305989.65512763,wood,2018,2016,41.66,,101.116,102.883,0.887233,14.283,844.082,2.88178,107,443,41,2149.25,,,
minnie,537715.210925068,5305979.65512763,wood,2018,2016,33.3,,0,102.883,0.37057,12.2895,843.16,2.25035,114.245,463.126,39.9937,2131.34,,,
minnie,537425.210925068,5305199.65512763,wood,2018,2016,74.77,40.25,90.528,50.8421,5.8903,2,841.243,0.569245,118,484,38,2107.5,,,
minnie,537425.210925068,5305219.65512763,wood,2018,2016,75.36,42.06,90.528,50.8421,6.11531,2.41983,840.405,0.495232,118,484,38,2107.5,,,
minnie,537425.210925068,5305259.65512763,wood,2018,2016,77.31,30.29,95.5691,45.9983,5.82543,2.41879,838.674,0.493394,118,484,38,2107.5,,,
minnie,537425.210925068,5305249.65512763,wood,2018,2016,75.28,30.32,95.5691,50.8421,5.96699,2.25463,839.067,0.445799,118,484,38,2107.5,,,
minnie,537425.210925068,5305239.65512763,wood,2018,2016,79.01,36.87,95.5691,50.8421,6.03177,2.83532,839.514,0.454587,118,484,38,2107.5,,,
minnie,537425.210925068,5305279.65512763,wood,2018,2016,77.05,31.19,95.5691,87.8234,5.80974,3,837.807,0.502154,118,484,38,2107.5,,,
minnie,537425.210925068,5305269.65512763,wood,2018,2016,78.01,31.98,95.5691,45.9983,5.80014,3,838.239,0.499127,118,484,38,2107.5,,,
minnie,537435.210925068,5305279.65512763,wood,2018,2016,58.4,31.18,120.604,87.8234,5.76937,3,837.957,0.500292,118,484,38,2107.5,,,
minnie,537435.210925068,5305259.65512763,wood,2018,2016,56.11,18.46,94.5806,45.9983,5.79796,2.22024,838.819,0.514821,118,484,38,2107.5,,,
minnie,537435.210925068,5305269.65512763,wood,2018,2016,56.24,25.12,98.3981,45.9983,5.79171,3,838.393,0.512843,118,484,38,2107.5,,,
minnie,537435.210925068,5305249.65512763,wood,2018,2016,37.06,25.36,94.5806,50.8421,5.79976,2.58068,839.192,0.463342,118,484,38,2107.5,,,
minnie,537435.210925068,5305239.65512763,wood,2018,2016,54.35,22.54,94.5806,50.8421,5.87783,2.94366,839.623,0.476685,118,484,38,2107.5,,,
minnie,537425.210925068,5305229.65512763,wood,2018,2016,76.44,39.29,90.528,50.8421,6.03256,3,839.971,0.479641,118,484,38,2107.5,,,
minnie,537435.210925068,5305229.65512763,wood,2018,2016,46.87,24.38,94.5806,50.8421,5.92016,2.41985,840.073,0.518887,118,484,38,2107.5,,,
minnie,537455.210925068,5305829.65512763,wood,2018,2016,64.71,,83.8056,19.9309,2.17792,1.14889,845.075,0.452207,118,484,38,2107.5,,,
minnie,537455.210925068,5305839.65512763,wood,2018,2016,63.15,,83.8056,59.1791,2.3105,1.74361,845.229,0.461777,118,484,38,2107.5,,,
minnie,537425.210925068,5305819.65512763,wood,2018,2016,69.66,41.6,94.8663,51.6445,4.32566,1,845.214,0.535342,118,484,38,2107.5,,,
minnie,537425.210925068,5305829.65512763,wood,2018,2016,58.64,47.52,95.5747,51.6445,4.42585,1,845.287,0.565463,118,484,38,2107.5,,,
minnie,537425.210925068,5305839.65512763,wood,2018,2016,56.55,47.28,95.5747,51.6445,4.65655,1,845.281,0.514967,118,484,38,2107.5,,,
minnie,537425.210925068,5305779.65512763,wood,2018,2016,54.59,28.83,87.86,51.2325,3.10882,1,844.9,0.590156,118,484,38,2107.5,,,
minnie,537425.210925068,5305799.65512763,wood,2018,2016,65.95,35.15,88.6756,51.2325,3.83486,0.404662,845.183,0.627657,118,484,38,2107.5,,,
minnie,537425.210925068,5305789.65512763,wood,2018,2016,59.32,33,88.6756,51.2325,3.43174,0.849709,845.105,0.659173,118,484,38,2107.5,,,
minnie,537445.210925068,5305789.65512763,wood,2018,2016,31.63,40.17,102.12,52.4399,2.51402,1,845.031,0.603406,118,484,38,2107.5,,,
minnie,537455.210925068,5305789.65512763,wood,2018,2016,53.25,,89.9981,3.9728,2.25418,1,844.78,0.505533,118,484,38,2107.5,,,
minnie,537575.210925068,5305889.65512763,wood,2018,2016,8.86,,96.623,0,2.39137,3,844.238,0.435367,116,468,39.75,2127,,,
minnie,537445.210925068,5305119.65512763,wood,2018,2016,63.68,7.78,96.7803,51.4021,1.54185,2.57701,841.865,0.606669,118,484,38,2107.5,,,
minnie,537445.210925068,5305129.65512763,wood,2018,2016,57.2,6.36,96.7803,51.4021,1.52483,2,841.856,0.580447,118,484,38,2107.5,,,
minnie,537435.210925068,5305109.65512763,wood,2018,2016,31.97,31.65,0,50.8421,1.61093,1.74502,842.177,0.699586,118,484,38,2107.5,,,
minnie,537425.210925068,5305129.65512763,wood,2018,2016,63.63,35.49,82.455,50.8421,1.49764,1,842.383,0.54083,118,484,38,2107.5,,,
minnie,537425.210925068,5305139.65512763,wood,2018,2016,59.53,37.69,82.455,50.8421,1.35268,1,842.327,0.524461,118,484,38,2107.5,,,
minnie,537425.210925068,5305119.65512763,wood,2018,2016,66.3,37.76,82.455,50.8421,1.55349,1,842.349,0.485087,118,484,38,2107.5,,,
minnie,537435.210925068,5305159.65512763,wood,2018,2016,51.38,28.78,94.5806,50.8421,1.2215,1.80207,841.978,0.60451,118,484,38,2107.5,,,
minnie,537425.210925068,5305149.65512763,wood,2018,2016,63.84,38,82.455,50.8421,1.33859,1,842.308,0.55977,118,484,38,2107.5,,,
minnie,537425.210925068,5305159.65512763,wood,2018,2016,63.51,37.61,90.528,50.8421,1.10896,1.16677,842.141,0.607259,118,484,38,2107.5,,,
minnie,537435.210925068,5305129.65512763,wood,2018,2016,24.66,30.95,0,50.8421,1.49001,1.74502,842.07,0.564777,118,484,38,2107.5,,,
minnie,537435.210925068,5305139.65512763,wood,2018,2016,54.79,29.46,0,50.8421,1.51877,1.74502,842.065,0.585108,118,484,38,2107.5,,,
minnie,537435.210925068,5305119.65512763,wood,2018,2016,27.47,35.16,0,50.8421,1.36292,1.74502,842.11,0.603475,118,484,38,2107.5,,,
minnie,537435.210925068,5305149.65512763,wood,2018,2016,38.24,27.75,0,50.8421,1.43391,1.74502,842.034,0.597264,118,484,38,2107.5,,,
minnie,537425.210925068,5305109.65512763,wood,2018,2016,72.52,40.72,82.455,50.8421,1.17374,1,842.389,0.525574,118,484,38,2107.5,,,
minnie,537335.210925068,5306009.65512763,wood,2018,2016,64.22,28.01,94.9376,16.74,2.30667,0,845.176,0.506405,118,489,37.25,2104.75,,,
minnie,537375.210925068,5306019.65512763,wood,2018,2016,73.31,25.28,96.922,20.9374,0.76491,0.252175,844.997,0.442239,118,489,37.25,2104.75,,,
minnie,537375.210925068,5305999.65512763,wood,2018,2016,64.18,28.74,96.922,18.5566,4.05923,0.60255,845.038,0.460682,118,489,37.25,2104.75,,,
minnie,537375.210925068,5306009.65512763,wood,2018,2016,64.37,27.17,96.922,18.5566,0.87844,0.0488999,845.032,0.462991,118,489,37.25,2104.75,,,
minnie,537375.210925068,5305989.65512763,wood,2018,2016,62.98,33.66,96.922,21.3527,4.72896,0.747825,845.071,0.491376,118,489,37.25,2104.75,,,
minnie,537335.210925068,5305999.65512763,wood,2018,2016,68.63,23.15,94.9376,4.9091,1.3822,0,845.18,0.513824,118,489,37.25,2104.75,,,
minnie,537335.210925068,5305989.65512763,wood,2018,2016,67.49,32.48,94.4352,4.5581,1.87079,0,845.184,0.536459,118,489,37.25,2104.75,,,
minnie,537375.210925068,5305979.65512763,wood,2018,2016,61.78,40.78,96.922,21.3527,4.53896,0.747825,845.053,0.478923,118,489,37.25,2104.75,,,
minnie,537375.210925068,5305969.65512763,wood,2018,2016,59.78,39.46,96.922,39.96,4.63454,0.146062,845.03,0.467431,118,489,37.25,2104.75,,,
minnie,537335.210925068,5305979.65512763,wood,2018,2016,68.36,48.1,94.4352,4.5581,2.45334,0,845.151,0.537775,118,489,37.25,2104.75,,,
minnie,537335.210925068,5305959.65512763,wood,2018,2016,53.7,42.38,96.2918,117.917,2.40174,0,845.012,0.48369,118,489,37.25,2104.75,,,
minnie,537335.210925068,5305969.65512763,wood,2018,2016,62.39,44.19,94.4352,117.917,2.93079,0,845.07,0.498539,118,489,37.25,2104.75,,,
minnie,537335.210925068,5305949.65512763,wood,2018,2016,46.8,44.35,96.2918,109.755,2.18131,0,844.961,0.474652,118,489,37.25,2104.75,,,
minnie,537535.210925068,5305939.65512763,wood,2018,2016,65.75,,89.5307,103.173,3.15976,0.594206,845.935,0.548629,116,468,39.75,2127,,,
minnie,537535.210925068,5305919.65512763,wood,2018,2016,41.08,,109.576,103.173,3.16396,1,845.672,0.497303,116,468,39.75,2127,,,
minnie,537535.210925068,5305929.65512763,wood,2018,2016,48.77,,89.5307,103.173,2.88688,0.948735,845.839,0.535278,116,468,39.75,2127,,,
minnie,537655.210925068,5306029.65512763,wood,2018,2016,42.94,,94.9426,103.47,3.95058,5.97389,843.927,1.78839,107,443,41,2149.25,,,
minnie,537645.210925068,5306029.65512763,wood,2018,2016,45.47,,94.9426,103.47,1.62688,3.07462,843.987,1.11525,107,443,41,2149.25,,,
minnie,537665.210925068,5306019.65512763,wood,2018,2016,41.67,,94.9426,103.47,5.2927,6.93093,844.446,1.47975,107,443,41,2149.25,,,
minnie,537665.210925068,5306029.65512763,wood,2018,2016,41.83,,0,0,4.40184,10.0606,844.164,2.60882,107,443,41,2149.25,,,
minnie,537645.210925068,5306039.65512763,wood,2018,2016,39.44,,0,103.753,4.19097,10.9099,843.786,2.35678,107,443,41,2149.25,,,
minnie,537425.210925068,5306039.65512763,wood,2018,2016,63.84,45.26,89.3058,51.3205,5.9299,1.25463,845.72,0.659981,118,489,37.25,2104.75,,,
minnie,537425.210925068,5306029.65512763,wood,2018,2016,63.18,45.08,94.1542,51.3205,2.48034,1.0492,845.888,0.720733,118,489,37.25,2104.75,,,
minnie,537425.210925068,5306099.65512763,wood,2018,2016,66.42,38.86,78.9935,48.1858,6.04076,1.20606,844.475,0.54075,118,489,37.25,2104.75,,,
minnie,537425.210925068,5306059.65512763,wood,2018,2016,56.71,37.79,89.3058,51.5862,1.60343,1,845.392,0.631,118,489,37.25,2104.75,,,
minnie,537425.210925068,5306049.65512763,wood,2018,2016,55.61,44.8,89.3058,51.5862,4.97304,1.20561,845.587,0.66019,118,489,37.25,2104.75,,,
minnie,537425.210925068,5306089.65512763,wood,2018,2016,65.48,37.13,83.5107,51.5862,5.95003,1.25463,844.763,0.620689,118,489,37.25,2104.75,,,
minnie,537505.210925068,5306139.65512763,wood,2018,2016,11.27,,100.439,102.497,4.15439,2.00805,844.388,0.659181,107,443,41,2149.25,,,
minnie,537515.210925068,5306119.65512763,wood,2018,2016,41.67,,100.439,102.497,4.29816,3.0125,845.446,1.00122,107,443,41,2149.25,,,
minnie,537495.210925068,5306119.65512763,wood,2018,2016,13.96,,109.501,102.055,5.34746,1.0918,844.502,0.372692,107,443,41,2149.25,,,
minnie,537575.210925068,5306079.65512763,wood,2018,2016,37.09,,95.646,102.045,1.73587,11.6505,844.567,3.06303,107,443,41,2149.25,,,
minnie,537575.210925068,5306069.65512763,wood,2018,2016,32.54,,95.646,102.045,3.18318,5.21199,843.839,1.20845,107,443,41,2149.25,,,
minnie,537585.210925068,5306019.65512763,wood,2018,2016,58.84,,97.6635,0,0.0266357,2,844.231,0.378645,107,443,41,2149.25,,,
minnie,537285.210925068,5305939.65512763,wood,2018,2016,45.52,39.77,98.3209,51.0786,1.50179,1.04855,845.822,0.481271,118,489,37.25,2104.75,,,
minnie,537285.210925068,5305949.65512763,wood,2018,2016,44.48,37.5,94.1275,51.0786,1.49234,1.39481,845.819,0.491191,118,489,37.25,2104.75,,,
minnie,537245.210925068,5306009.65512763,wood,2018,2016,69.45,,93.9361,50.9274,1.58825,1,846.606,0.527114,118,489,37.25,2104.75,,,
minnie,537245.210925068,5306019.65512763,wood,2018,2016,70.53,,93.9361,50.9274,1.58825,1,846.609,0.532368,118,489,37.25,2104.75,,,
minnie,537385.210925068,5305869.65512763,wood,2018,2016,48.53,29.51,95.9693,50.841,3.83701,1,844.735,0.507282,118,484,38,2107.5,,,
minnie,537385.210925068,5305879.65512763,wood,2018,2016,52.49,37.54,95.9726,50.841,4.12083,0.801525,844.821,0.531507,118,484,38,2107.5,,,
minnie,537385.210925068,5305859.65512763,wood,2018,2016,51.96,27.81,95.9693,19.6366,3.96653,1,844.649,0.486905,118,484,38,2107.5,,,
minnie,537385.210925068,5305889.65512763,wood,2018,2016,53.64,47.57,95.9726,53.865,4.76418,0.148093,844.841,0.50932,118,484,38,2107.5,,,
minnie,537265.210925068,5305249.65512763,wood,2018,2016,63.55,39.47,98.0177,51.637,1.6622,3,847.041,0.58399,118,484,38,2107.5,,,
minnie,537265.210925068,5305239.65512763,wood,2018,2016,64.37,41.82,98.0177,51.637,1.6926,3,847.02,0.630935,118,484,38,2107.5,,,
minnie,537265.210925068,5305229.65512763,wood,2018,2016,62.28,35.48,98.0177,51.637,1.7331,3.58699,846.908,0.593879,118,484,38,2107.5,,,
minnie,537265.210925068,5305269.65512763,wood,2018,2016,60.63,41.96,98.0177,0,1.66976,2.75379,847.197,0.655024,118,484,38,2107.5,,,
minnie,537265.210925068,5305259.65512763,wood,2018,2016,62.96,37.52,98.0177,0,1.71468,2.94578,847.116,0.608199,118,484,38,2107.5,,,
minnie,537375.210925068,5306029.65512763,wood,2018,2016,68.97,26.32,96.922,0,1.45418,0.252175,844.992,0.457103,118,489,37.25,2104.75,,,
minnie,537375.210925068,5306059.65512763,wood,2018,2016,52.05,32.09,101.2,0,4.0046,0.395875,844.868,0.505024,118,489,37.25,2104.75,,,
minnie,537245.210925068,5305979.65512763,wood,2018,2016,71.25,,93.9361,50.9274,1.59394,1,846.713,0.516717,118,489,37.25,2104.75,,,
minnie,537245.210925068,5305989.65512763,wood,2018,2016,68.84,,93.9361,50.9274,1.60293,1,846.72,0.521339,118,489,37.25,2104.75,,,
minnie,537245.210925068,5305999.65512763,wood,2018,2016,72.98,,93.9361,50.9274,1.59114,1,846.724,0.520862,118,489,37.25,2104.75,,,
minnie,537245.210925068,5305969.65512763,wood,2018,2016,65.47,,96.4119,52.8709,1.55249,0.802727,846.718,0.520882,118,489,37.25,2104.75,,,
minnie,537245.210925068,5305959.65512763,wood,2018,2016,57.78,,96.4119,52.8709,1.55532,0.147698,846.722,0.517697,118,489,37.25,2104.75,,,
minnie,537385.210925068,5305899.65512763,wood,2018,2016,58.84,44.55,97.5333,53.865,4.04969,0.649587,844.816,0.448427,118,484,38,2107.5,,,
minnie,537385.210925068,5305909.65512763,wood,2018,2016,60.22,39.1,97.5333,53.865,2.98773,0.202672,844.902,0.508213,118,484,38,2107.5,,,
minnie,537265.210925068,5305589.65512763,wood,2018,2016,21.66,34.53,20.7419,32.2526,2.45602,1.41731,848.676,1.21204,118,484,38,2107.5,,,
minnie,537265.210925068,5305579.65512763,wood,2018,2016,46.13,36.28,99.0463,54.7117,1.77322,1,848.684,0.628119,118,484,38,2107.5,,,
minnie,537265.210925068,5305569.65512763,wood,2018,2016,45.32,36.31,99.0463,54.7117,5.10474,1,848.834,0.544259,118,484,38,2107.5,,,
minnie,537335.210925068,5305869.65512763,wood,2018,2016,61.6,31.23,96.2918,0,2.00335,1,844.737,0.503719,118,484,38,2107.5,,,
minnie,537335.210925068,5305899.65512763,wood,2018,2016,44.15,24.62,96.2918,109.08,1.49637,0,844.831,0.494994,118,484,38,2107.5,,,
minnie,537435.210925068,5305079.65512763,wood,2018,2016,6.71,33.14,106.755,50.76,2.353,4.71568,841.628,1.01742,118,484,38,2107.5,,,
minnie,537445.210925068,5305099.65512763,wood,2018,2016,29.54,14.18,96.7803,1.35,1.87603,2.74467,841.789,0.699606,118,484,38,2107.5,,,
minnie,537285.210925068,5305699.65512763,wood,2018,2016,33.12,27.66,102.956,33.8483,1.45453,1,846.629,0.51926,118,484,38,2107.5,,,
minnie,537335.210925068,5305909.65512763,wood,2018,2016,40.87,28.83,96.2918,109.08,2.1057,0,844.833,0.470933,118,484,38,2107.5,,,
minnie,537335.210925068,5305919.65512763,wood,2018,2016,41.35,30.14,96.2918,109.08,2.78769,0,844.878,0.489779,118,484,38,2107.5,,,
minnie,537385.210925068,5305739.65512763,wood,2018,2016,52.7,43.45,102.473,52.5533,3.23977,1,843.918,0.522508,118,484,38,2107.5,,,
minnie,537385.210925068,5305749.65512763,wood,2018,2016,53.78,42.77,102.473,52.5533,3.92707,1,844.041,0.531431,118,484,38,2107.5,,,
minnie,537385.210925068,5305729.65512763,wood,2018,2016,49.64,42.61,102.473,52.0922,3.13202,1,843.767,0.477662,118,484,38,2107.5,,,
minnie,537385.210925068,5305719.65512763,wood,2018,2016,39.47,43.41,102.473,52.0922,2.9587,0.799012,843.672,0.479298,118,484,38,2107.5,,,
minnie,537445.210925068,5305109.65512763,wood,2018,2016,65.82,8.27,96.7803,1.35,1.64924,2.74467,841.877,0.66318,118,484,38,2107.5,,,
minnie,537445.210925068,5305089.65512763,wood,2018,2016,8.8,14.32,96.7803,49.7988,2.05736,3.13982,841.569,0.763834,118,484,38,2107.5,,,
minnie,537435.210925068,5305099.65512763,wood,2018,2016,30.65,33.33,0,50.8421,1.87815,1.94241,842.073,0.701814,118,484,38,2107.5,,,
minnie,537435.210925068,5305089.65512763,wood,2018,2016,30.27,35.95,0,50.76,1.98355,3.35029,841.936,0.825915,118,484,38,2107.5,,,
minnie,537265.210925068,5305519.65512763,wood,2018,2016,50.65,39.64,87.1958,106.38,2.74688,0,849.243,0.56771,118,484,38,2107.5,,,
minnie,537265.210925068,5305529.65512763,wood,2018,2016,46.27,36.26,87.1958,106.38,4.45815,0.0518907,849.215,0.563224,118,484,38,2107.5,,,
minnie,537265.210925068,5305539.65512763,wood,2018,2016,45.48,33.35,87.1958,0,2.53501,0.246208,849.159,0.557698,118,484,38,2107.5,,,
minnie,537335.210925068,5305809.65512763,wood,2018,2016,71.59,42.64,91.4572,51.435,1.65464,1,844.472,0.510191,118,484,38,2107.5,,,
minnie,537335.210925068,5305839.65512763,wood,2018,2016,73.06,33.41,92.9826,51.435,1.93733,1,844.569,0.494167,118,484,38,2107.5,,,
minnie,537285.210925068,5305829.65512763,wood,2018,2016,68.03,36.74,93.61,51.4987,1.52822,2,846.01,0.490579,118,484,38,2107.5,,,
minnie,537285.210925068,5305849.65512763,wood,2018,2016,68.57,32.22,95.8019,51.4987,1.51398,2,845.948,0.463092,118,484,38,2107.5,,,
minnie,537285.210925068,5305839.65512763,wood,2018,2016,65.29,33.67,95.8019,51.4987,1.46682,2,846.008,0.503559,118,484,38,2107.5,,,
minnie,537285.210925068,5305799.65512763,wood,2018,2016,67.68,37.25,85.6101,52.1872,1.56833,2,846.046,0.475528,118,484,38,2107.5,,,
minnie,537285.210925068,5305819.65512763,wood,2018,2016,66.04,34.08,93.61,52.1872,1.49929,2,846.034,0.497663,118,484,38,2107.5,,,
minnie,537285.210925068,5305809.65512763,wood,2018,2016,67.39,36.71,93.61,52.1872,1.55742,2,846.06,0.508092,118,484,38,2107.5,,,
minnie,537375.210925068,5306119.65512763,wood,2018,2016,46.05,22.5,99.4437,15.4634,2.16326,2.0942,844.95,0.544079,118,489,37.25,2104.75,,,
minnie,537375.210925068,5306109.65512763,wood,2018,2016,41.81,24.78,105.967,54.1717,2.1828,2,844.761,0.464767,118,489,37.25,2104.75,,,
minnie,537265.210925068,5305199.65512763,wood,2018,2016,74.11,45.41,98.0177,51.637,1.67518,2.75379,846.735,0.627516,118,484,38,2107.5,,,
minnie,537265.210925068,5305219.65512763,wood,2018,2016,67.65,44.56,98.0177,51.637,1.68622,3.16707,846.834,0.590934,118,484,38,2107.5,,,
minnie,537265.210925068,5305209.65512763,wood,2018,2016,73.79,47.26,98.0177,51.637,1.66087,2.80845,846.785,0.610748,118,484,38,2107.5,,,
minnie,537265.210925068,5305189.65512763,wood,2018,2016,76.7,43.79,98.0177,51.637,1.69344,2.94517,846.669,0.628617,118,484,38,2107.5,,,
minnie,537265.210925068,5305179.65512763,wood,2018,2016,77.08,39.01,98.0177,51.637,1.76152,3,846.6,0.633898,118,484,38,2107.5,,,
minnie,537285.210925068,5305999.65512763,wood,2018,2016,53.61,36.46,94.8129,45.09,1.6277,1,845.805,0.48781,118,489,37.25,2104.75,,,
minnie,537285.210925068,5306009.65512763,wood,2018,2016,53.05,35.19,94.8129,21.2809,1.61249,1,845.815,0.498668,118,489,37.25,2104.75,,,
minnie,537285.210925068,5306019.65512763,wood,2018,2016,61.52,30.98,94.8129,21.06,1.54865,1,845.825,0.510493,118,489,37.25,2104.75,,,
minnie,537245.210925068,5305859.65512763,wood,2018,2016,55.6,,95.3516,50.895,1.90687,0.150348,846.951,0.548864,118,484,38,2107.5,,,
minnie,537255.210925068,5305829.65512763,wood,2018,2016,58.02,22.84,96.3281,50.7827,1.54573,1.75414,846.893,0.590165,118,484,38,2107.5,,,
minnie,537255.210925068,5305819.65512763,wood,2018,2016,62.81,20.8,96.3281,50.7827,1.4134,1.15127,846.883,0.544618,118,484,38,2107.5,,,
minnie,537245.210925068,5305849.65512763,wood,2018,2016,57,,96.3281,50.7827,1.5353,0,846.972,0.540337,118,484,38,2107.5,,,
minnie,537255.210925068,5305839.65512763,wood,2018,2016,58.49,16.71,96.3281,50.7827,1.32577,1.60341,846.876,0.604709,118,484,38,2107.5,,,
minnie,537255.210925068,5305849.65512763,wood,2018,2016,56.78,18.57,99.607,50.7827,1.34086,1,846.796,0.556843,118,484,38,2107.5,,,
minnie,537245.210925068,5305869.65512763,wood,2018,2016,57.35,,95.3516,50.895,1.17489,0.604762,846.882,0.513735,118,484,38,2107.5,,,
minnie,537285.210925068,5305899.65512763,wood,2018,2016,49.92,32.67,98.0426,51.0786,1.45206,2,845.901,0.507112,118,484,38,2107.5,,,
minnie,537285.210925068,5305909.65512763,wood,2018,2016,47.74,36.44,98.3209,51.0786,1.5068,2,845.847,0.464538,118,484,38,2107.5,,,
minnie,537705.210925068,5305919.65512763,wood,2018,2016,47.41,,94.2016,105.647,2.02214,6.06711,843.845,0.461289,116,468,39.75,2127,,,
minnie,537705.210925068,5305909.65512763,wood,2018,2016,56.12,,0,0,1.78316,5.87487,843.457,0.245148,116,468,39.75,2127,,,
minnie,537285.210925068,5305859.65512763,wood,2018,2016,64.99,31.39,95.8019,52.5026,1.5858,2,845.968,0.502476,118,484,38,2107.5,,,
minnie,537285.210925068,5305869.65512763,wood,2018,2016,63.38,29.89,98.0426,52.5026,1.45988,2,845.955,0.507726,118,484,38,2107.5,,,
minnie,537265.210925068,5305149.65512763,wood,2018,2016,59.29,41.99,97.6842,51.637,1.8417,3.75379,846.219,0.620108,118,484,38,2107.5,,,
minnie,537265.210925068,5305139.65512763,wood,2018,2016,66.64,48.99,97.6842,51.637,1.9688,3.16919,846.016,0.604051,118,484,38,2107.5,,,
minnie,537265.210925068,5305169.65512763,wood,2018,2016,75.35,36.98,98.0177,51.637,1.78372,3,846.446,0.572003,118,484,38,2107.5,,,
minnie,537265.210925068,5305159.65512763,wood,2018,2016,68.42,43.12,98.0177,51.637,1.76104,3.58513,846.362,0.609804,118,484,38,2107.5,,,
minnie,537265.210925068,5305119.65512763,wood,2018,2016,75.71,58.89,97.6842,51.637,1.94507,3.94457,845.421,0.448857,118,484,38,2107.5,,,
minnie,537265.210925068,5305109.65512763,wood,2018,2016,49.32,60.15,97.6842,51.637,1.90517,4,845.242,0.542139,118,484,38,2107.5,,,
minnie,537265.210925068,5305099.65512763,wood,2018,2016,12.28,58.1,97.6842,51.637,2.01709,4,844.979,0.565062,118,484,38,2107.5,,,
minnie,537265.210925068,5305129.65512763,wood,2018,2016,77.14,52.41,97.6842,51.637,2.03573,3.58434,845.771,0.565963,118,484,38,2107.5,,,
minnie,537385.210925068,5305809.65512763,wood,2018,2016,50.66,31.04,96.8093,41.0157,4.69482,1.15019,844.356,0.446291,118,484,38,2107.5,,,
minnie,537385.210925068,5305849.65512763,wood,2018,2016,55.02,30.58,95.9693,19.6366,4.1588,1,844.546,0.4557,118,484,38,2107.5,,,
minnie,537385.210925068,5305819.65512763,wood,2018,2016,51.6,30.34,95.9693,21.87,4.673,1.74747,844.359,0.424097,118,484,38,2107.5,,,
minnie,537385.210925068,5305829.65512763,wood,2018,2016,52.33,28.64,95.9693,21.87,4.45323,1.59781,844.375,0.402026,118,484,38,2107.5,,,
minnie,537385.210925068,5305779.65512763,wood,2018,2016,55.78,31.43,96.2716,35.1,3.90073,1,844.314,0.515391,118,484,38,2107.5,,,
minnie,537335.210925068,5306089.65512763,wood,2018,2016,63.75,39.41,100.468,49.9257,2.17856,0.191105,844.894,0.435733,118,489,37.25,2104.75,,,
minnie,537335.210925068,5306069.65512763,wood,2018,2016,72.55,40.36,99.0881,24.0057,1.40224,0,844.885,0.461562,118,489,37.25,2104.75,,,
minnie,537335.210925068,5306079.65512763,wood,2018,2016,67.13,36.39,99.0881,24.0057,1.61794,0,844.884,0.463364,118,489,37.25,2104.75,,,
minnie,537335.210925068,5306059.65512763,wood,2018,2016,70.53,42.08,98.8177,19.5874,0.659735,0,844.897,0.438816,118,489,37.25,2104.75,,,
minnie,537335.210925068,5306049.65512763,wood,2018,2016,75.98,38.99,98.8177,22.2626,0.277291,0.807491,844.988,0.476437,118,489,37.25,2104.75,,,
minnie,537615.210925068,5305879.65512763,wood,2018,2016,37.79,,97.3838,101.051,3.38468,2,843.708,0.440885,116,468,39.75,2127,,,
minnie,537605.210925068,5305879.65512763,wood,2018,2016,34.37,,97.3838,101.051,3.51154,2.85394,843.519,0.399011,116,468,39.75,2127,,,
minnie,537625.210925068,5305879.65512763,wood,2018,2016,39.44,,97.3838,101.051,3.56848,2,843.77,0.38518,116,468,39.75,2127,,,
minnie,537635.210925068,5305879.65512763,wood,2018,2016,52.09,,97.3838,101.051,3.79602,2,843.894,0.381943,116,468,39.75,2127,,,
minnie,537645.210925068,5305879.65512763,wood,2018,2016,54.37,,0,101.051,4.01928,2,844.197,0.435362,116,468,39.75,2127,,,
minnie,537335.210925068,5306039.65512763,wood,2018,2016,74.56,26.74,98.8177,22.2626,0.0719329,0.192859,845.094,0.528778,118,489,37.25,2104.75,,,
minnie,537335.210925068,5306029.65512763,wood,2018,2016,69.53,23.44,94.9376,18.36,4.92106,0,845.163,0.54726,118,489,37.25,2104.75,,,
minnie,537265.210925068,5305299.65512763,wood,2018,2016,53.78,41.12,98.0177,21.1826,1.53356,2.75379,847.234,0.705341,118,484,38,2107.5,,,
minnie,537265.210925068,5305309.65512763,wood,2018,2016,59.54,50.34,98.0177,21.1826,1.4869,2.75379,847.21,0.702631,118,484,38,2107.5,,,
minnie,537265.210925068,5305319.65512763,wood,2018,2016,49.56,34.91,96.5733,23.0234,1.47683,2.75379,847.157,0.661592,118,484,38,2107.5,,,
minnie,537265.210925068,5305279.65512763,wood,2018,2016,66.17,37.88,98.0177,0,1.6112,2.75379,847.224,0.668304,118,484,38,2107.5,,,
minnie,537265.210925068,5305289.65512763,wood,2018,2016,59.72,31.67,98.0177,0,1.57542,2.75379,847.24,0.689358,118,484,38,2107.5,,,
minnie,537265.210925068,5305489.65512763,wood,2018,2016,50.83,41.14,88.0412,104.76,2.72485,0.947764,849.137,0.579701,118,484,38,2107.5,,,
minnie,537265.210925068,5305499.65512763,wood,2018,2016,48.64,38.61,88.0412,104.76,2.56978,0.594129,849.228,0.604887,118,484,38,2107.5,,,
minnie,537265.210925068,5305509.65512763,wood,2018,2016,50.81,37.47,88.0412,105.497,2.34697,0,849.28,0.61744,118,484,38,2107.5,,,
minnie,537265.210925068,5305469.65512763,wood,2018,2016,45.98,42.11,88.0412,105.372,2.63348,0.753792,848.974,0.615962,118,484,38,2107.5,,,
minnie,537265.210925068,5305479.65512763,wood,2018,2016,43.88,42.01,88.0412,105.372,2.83099,0.806114,849.036,0.571358,118,484,38,2107.5,,,
minnie,537715.210925068,5305919.65512763,wood,2018,2016,49.84,,0,0,2.15755,6.0195,843.151,0.127666,116,468,39.75,2127,,,
