field,x,y,farmer,year,prev_year,pro,prev_pro,aa_n,prev_aa_n,aspect_rad,slope,elev,tpi,prec_cy,prec_py,gdd_cy,gdd_py,veg_cy,veg_py,veg_2py
sec35mid,639175.883313345,5101630.12963972,broyles,2018,2016,12.08,11.16,0,0,1.58097,2.65407,1288.94,1.01002,196,392,51.25,1985.5,,,
sec35mid,639195.883313345,5101580.12963972,broyles,2018,2016,10.73,,0,0,2.29498,5.84929,1286.1,1.01586,196,392,51.25,1985.5,,,
sec35mid,639235.883313345,5101470.12963972,broyles,2018,2016,12.11,12.98,114.76,45.42,2.253,5.40317,1279.42,0.704879,196,392,51.25,1985.5,,,
sec35mid,639275.883313345,5101410.12963972,broyles,2018,2016,11.02,,0,0,1.90803,3.33955,1275.54,0.952302,196,392,51.25,1985.5,,,
sec35mid,639265.883313345,5101420.12963972,broyles,2018,2016,10.32,,0,0,1.98086,2.10301,1275.88,0.571013,196,392,51.25,1985.5,,,
sec35mid,639265.883313345,5101460.12963972,broyles,2018,2016,11.11,,0,0,1.6624,5.10161,1276.42,0.538994,196,392,51.25,1985.5,,,
sec35mid,639255.883313345,5101480.12963972,broyles,2018,2016,12.06,,0,0,1.78441,7.73936,1277.58,0.560587,196,392,51.25,1985.5,,,
sec35mid,639255.883313345,5101460.12963972,broyles,2018,2016,10.78,,0,0,1.79674,5.10161,1277.02,0.468219,196,392,51.25,1985.5,,,
sec35mid,639205.883313345,5101590.12963972,broyles,2018,2016,11.59,,0,0,1.90827,9.21373,1285.9,1.19401,196,392,51.25,1985.5,,,
sec35mid,639485.883313345,5100600.12963972,broyles,2018,2016,11.41,15.19,0,0,2.8451,1,1250.57,0.415241,194,381,55,2014.5,,,
sec35mid,639455.883313345,5100610.12963972,broyles,2018,2016,12.47,,114.19,41.59,2.28808,1,1251,0.43854,194,381,55,2014.5,,,
sec35mid,639575.883313345,5100650.12963972,broyles,2018,2016,12.9,,115.01,45.02,2.74244,1,1251.14,0.50759,194,381,55,2014.5,,,
sec35mid,639555.883313345,5100670.12963972,broyles,2018,2016,11.37,,114.64,46.19,2.69297,1,1251.4,0.494622,194,381,55,2014.5,,,
sec35mid,639585.883313345,5100660.12963972,broyles,2018,2016,11.96,13.53,114.78,45.02,3.03451,1,1251.2,0.478914,194,381,55,2014.5,,,
sec35mid,639075.883313345,5100660.12963972,broyles,2018,2016,13.18,13.42,0,0,2.29171,1,1251.46,0.540837,194,381,55,2014.5,,,
sec35mid,639455.883313345,5100770.12963972,broyles,2018,2016,12.38,,113.81,45.23,1.58479,1.12617,1252.36,0.501218,194,381,55,2014.5,,,
sec35mid,639425.883313345,5100730.12963972,broyles,2018,2016,12.66,,113.6,45.88,2.26092,1,1252.57,0.490834,194,381,55,2014.5,,,
sec35mid,639435.883313345,5100760.12963972,broyles,2018,2016,10.94,,114.17,45.88,2.04035,1.07667,1252.76,0.486783,194,381,55,2014.5,,,
sec35mid,639125.883313345,5100620.12963972,broyles,2018,2016,12.86,,112.79,43.08,2.60541,1,1250.66,0.567758,194,381,55,2014.5,,,
sec35mid,639165.883313345,5100660.12963972,broyles,2018,2016,16.45,,114.55,48.04,2.41922,1,1250.46,0.396706,194,381,55,2014.5,,,
sec35mid,639705.883313345,5100630.12963972,broyles,2018,2016,15.18,12.04,117.09,0,1.63857,7.38036,1248.94,0.813475,194,381,55,2014.5,,,
sec35mid,639175.883313345,5100580.12963972,broyles,2018,2016,14.22,16.39,0,0,2.58309,1,1249.48,0.541937,194,381,55,2014.5,,,
sec35mid,639185.883313345,5100590.12963972,broyles,2018,2016,14.25,,0,0,2.79618,1,1249.39,0.422861,194,381,55,2014.5,,,
sec35mid,639175.883313345,5100600.12963972,broyles,2018,2016,14.63,,0,0,2.47606,1,1249.66,0.469164,194,381,55,2014.5,,,
sec35mid,639355.883313345,5100830.12963972,broyles,2018,2016,11.53,,114.77,44.8,3.06328,2,1256.77,0.490508,194,381,55,2014.5,,,
sec35mid,639535.883313345,5100690.12963972,broyles,2018,2016,12.41,15.14,115.02,46.19,3.00734,1,1251.62,0.496101,194,381,55,2014.5,,,
sec35mid,639545.883313345,5100710.12963972,broyles,2018,2016,12.61,,114.59,46.19,3.19742,0.338603,1251.82,0.515305,194,381,55,2014.5,,,
sec35mid,639545.883313345,5100700.12963972,broyles,2018,2016,12.75,,114.52,46.19,3.03926,0.921333,1251.72,0.506487,194,381,55,2014.5,,,
sec35mid,639525.883313345,5100700.12963972,broyles,2018,2016,12.56,,115.17,45.71,2.93436,0.871368,1251.74,0.501555,194,381,55,2014.5,,,
sec35mid,639535.883313345,5100720.12963972,broyles,2018,2016,13.32,13.28,114.75,46.19,3.27698,0,1251.89,0.512084,194,381,55,2014.5,,,
sec35mid,639515.883313345,5100720.12963972,broyles,2018,2016,12.99,,115.03,45.71,2.80312,0,1251.9,0.524082,194,381,55,2014.5,,,
sec35mid,639505.883313345,5100700.12963972,broyles,2018,2016,11.66,,114.88,45.71,2.51994,0.871368,1251.82,0.510018,194,381,55,2014.5,,,
sec35mid,639515.883313345,5100710.12963972,broyles,2018,2016,11.52,12.75,114.7,45.71,2.8087,0,1251.84,0.513194,194,381,55,2014.5,,,
sec35mid,639505.883313345,5100690.12963972,broyles,2018,2016,12.08,14.29,114.57,45.71,2.58477,1,1251.73,0.502407,194,381,55,2014.5,,,
sec35mid,639205.883313345,5100580.12963972,broyles,2018,2016,12.94,,0,0,3.26804,1,1249.34,0.514271,194,381,55,2014.5,,,
sec35mid,639215.883313345,5100620.12963972,broyles,2018,2016,11.29,13.99,115.83,47.1,3.50617,1,1249.9,0.482682,194,381,55,2014.5,,,
sec35mid,639215.883313345,5100600.12963972,broyles,2018,2016,15.11,,0,0,3.44336,1,1249.54,0.443416,194,381,55,2014.5,,,
sec35mid,639225.883313345,5100610.12963972,broyles,2018,2016,12.36,10.76,114.92,58.22,3.54779,1,1249.82,0.479331,194,381,55,2014.5,,,
sec35mid,639225.883313345,5100580.12963972,broyles,2018,2016,14,,0,0,3.62735,1,1249.44,0.509893,194,381,55,2014.5,,,
sec35mid,639445.883313345,5100680.12963972,broyles,2018,2016,12.93,,115.44,45.23,2.77731,1,1252.04,0.537442,194,381,55,2014.5,,,
sec35mid,639585.883313345,5100630.12963972,broyles,2018,2016,11.87,,114.64,55.11,2.92654,1,1250.89,0.518314,194,381,55,2014.5,,,
sec35mid,639555.883313345,5100630.12963972,broyles,2018,2016,9.98,14.51,115.54,46.19,2.80953,1,1250.97,0.511286,194,381,55,2014.5,,,
sec35mid,639565.883313345,5100640.12963972,broyles,2018,2016,12.64,,115.58,46.5,2.87844,1,1251.05,0.508978,194,381,55,2014.5,,,
sec35mid,639605.883313345,5100600.12963972,broyles,2018,2016,11.24,15.46,0,0,2.98894,1.86786,1250.26,0.439064,194,381,55,2014.5,,,
sec35mid,639585.883313345,5100600.12963972,broyles,2018,2016,11.37,,0,0,2.99291,1.86786,1250.36,0.460458,194,381,55,2014.5,,,
sec35mid,639695.883313345,5100700.12963972,broyles,2018,2016,11.77,,115.16,0,2.19416,3.63279,1250.38,0.70885,194,381,55,2014.5,,,
sec35mid,639535.883313345,5100770.12963972,broyles,2018,2016,12.25,,115.14,40.69,5.86922,1.04905,1251.79,0.595226,194,381,55,2014.5,,,
sec35mid,639535.883313345,5100750.12963972,broyles,2018,2016,13.35,15.34,115.97,46.19,5.14954,0.126877,1251.99,0.570331,194,381,55,2014.5,,,
sec35mid,639545.883313345,5100760.12963972,broyles,2018,2016,13.02,,114.62,47.39,5.61214,1,1251.99,0.620882,194,381,55,2014.5,,,
sec35mid,639545.883313345,5100730.12963972,broyles,2018,2016,12.26,,114.84,46.19,3.65146,0,1251.96,0.515312,194,381,55,2014.5,,,
sec35mid,639375.883313345,5100880.12963972,broyles,2018,2016,15.11,,0,0,2.00234,1,1257.95,0.66853,194,381,55,2014.5,,,
sec35mid,639365.883313345,5100870.12963972,broyles,2018,2016,14.69,,115.28,55.88,2.65154,1,1257.93,0.649335,194,381,55,2014.5,,,
sec35mid,639345.883313345,5100840.12963972,broyles,2018,2016,11.33,,115.1,45.35,2.96268,2,1257.08,0.472304,194,381,55,2014.5,,,
sec35mid,639365.883313345,5100840.12963972,broyles,2018,2016,13.89,14.69,63.87,44.8,2.97935,2,1257.07,0.539023,194,381,55,2014.5,,,
sec35mid,639545.883313345,5100660.12963972,broyles,2018,2016,11.73,,114.44,46.19,2.6616,0.920474,1251.35,0.522476,194,381,55,2014.5,,,
sec35mid,639515.883313345,5100660.12963972,broyles,2018,2016,12.15,12.67,115.74,45.71,3.16415,0.610165,1251.4,0.520092,194,381,55,2014.5,,,
sec35mid,639525.883313345,5100670.12963972,broyles,2018,2016,12.28,,115.53,45.71,2.90237,0,1251.48,0.502027,194,381,55,2014.5,,,
sec35mid,639505.883313345,5100670.12963972,broyles,2018,2016,11.6,12.07,114.55,45.71,2.83311,1,1251.52,0.493437,194,381,55,2014.5,,,
sec35mid,639425.883313345,5100660.12963972,broyles,2018,2016,11.58,,114.8,45.88,3.06758,1,1251.83,0.500359,194,381,55,2014.5,,,
sec35mid,639435.883313345,5100650.12963972,broyles,2018,2016,12.1,,115.13,45.88,3.00797,1,1251.69,0.497534,194,381,55,2014.5,,,
sec35mid,639435.883313345,5100670.12963972,broyles,2018,2016,12.84,15.19,114.84,45.88,3.0837,1,1251.95,0.515324,194,381,55,2014.5,,,
sec35mid,639425.883313345,5100710.12963972,broyles,2018,2016,12.36,,113.93,45.88,2.57681,1,1252.38,0.503695,194,381,55,2014.5,,,
sec35mid,639435.883313345,5100700.12963972,broyles,2018,2016,11.72,,114.65,45.88,2.72449,0.65664,1252.26,0.512807,194,381,55,2014.5,,,
sec35mid,639435.883313345,5100720.12963972,broyles,2018,2016,11.66,,114.89,0,2.34638,1,1252.41,0.496655,194,381,55,2014.5,,,
sec35mid,639655.883313345,5100630.12963972,broyles,2018,2016,11.14,14.75,114.93,44.72,2.87195,1,1250.91,0.635992,194,381,55,2014.5,,,
sec35mid,639095.883313345,5100590.12963972,broyles,2018,2016,12.7,18.73,0,0,2.93522,1,1250.15,0.424232,194,381,55,2014.5,,,
sec35mid,639105.883313345,5100580.12963972,broyles,2018,2016,13.62,,0,0,2.89725,1,1250.07,0.566484,194,381,55,2014.5,,,
sec35mid,639115.883313345,5100590.12963972,broyles,2018,2016,12.71,,0,0,2.89535,1,1250.06,0.435706,194,381,55,2014.5,,,
sec35mid,639075.883313345,5100620.12963972,broyles,2018,2016,12.31,,0,0,2.90925,1,1250.87,0.518713,194,381,55,2014.5,,,
sec35mid,639075.883313345,5100630.12963972,broyles,2018,2016,11.04,,0,0,2.9168,1,1251.02,0.49669,194,381,55,2014.5,,,
sec35mid,639075.883313345,5100640.12963972,broyles,2018,2016,12.19,,0,0,2.8622,1,1251.18,0.513679,194,381,55,2014.5,,,
sec35mid,639635.883313345,5100630.12963972,broyles,2018,2016,10.23,,115.06,43.57,3.10491,1,1251,0.617546,194,381,55,2014.5,,,
sec35mid,639085.883313345,5100730.12963972,broyles,2018,2016,13.63,14.97,0,0,2.76333,1.05237,1252.34,0.456458,194,381,55,2014.5,,,
sec35mid,639635.883313345,5100590.12963972,broyles,2018,2016,10.76,,0,0,2.87979,2.38387,1249.95,0.643493,194,381,55,2014.5,,,
sec35mid,639625.883313345,5100600.12963972,broyles,2018,2016,11.62,,0,0,2.92071,2,1250.14,0.430931,194,381,55,2014.5,,,
sec35mid,639235.883313345,5101540.12963972,broyles,2018,2016,10.99,12.48,0,0,1.43283,5.90514,1281.34,0.80194,196,392,51.25,1985.5,,,
sec35mid,639485.883313345,5100660.12963972,broyles,2018,2016,12.71,,114.98,46.1,2.60032,1,1251.52,0.499883,194,381,55,2014.5,,,
sec35mid,639485.883313345,5100650.12963972,broyles,2018,2016,11.49,,115.7,46.1,2.64888,1,1251.36,0.492618,194,381,55,2014.5,,,
sec35mid,639485.883313345,5100670.12963972,broyles,2018,2016,13.12,,114.87,46.1,2.55177,1,1251.66,0.50686,194,381,55,2014.5,,,
sec35mid,639485.883313345,5100690.12963972,broyles,2018,2016,12.38,,115,46.1,2.39159,1,1251.9,0.53179,194,381,55,2014.5,,,
sec35mid,639085.883313345,5100650.12963972,broyles,2018,2016,12.93,13.93,0,0,2.37309,1,1251.25,0.552627,194,381,55,2014.5,,,
sec35mid,639065.883313345,5100790.12963972,broyles,2018,2016,12.89,,0,0,3.12441,1.41265,1253.73,0.357937,194,381,55,2014.5,,,
sec35mid,639085.883313345,5100760.12963972,broyles,2018,2016,13.93,,0,0,3.49481,2,1253.15,0.471188,194,381,55,2014.5,,,
sec35mid,639075.883313345,5100730.12963972,broyles,2018,2016,13.25,,0,0,2.73039,1.51293,1252.47,0.49092,194,381,55,2014.5,,,
sec35mid,639065.883313345,5100770.12963972,broyles,2018,2016,14.02,,0,0,2.82012,1,1253.33,0.440843,194,381,55,2014.5,,,
sec35mid,639115.883313345,5100640.12963972,broyles,2018,2016,11.51,,111.97,45.24,2.47582,1,1250.95,0.554171,194,381,55,2014.5,,,
sec35mid,639455.883313345,5100650.12963972,broyles,2018,2016,11.89,,115.18,45.23,2.70397,1,1251.62,0.531042,194,381,55,2014.5,,,
sec35mid,639465.883313345,5100670.12963972,broyles,2018,2016,12.61,,115.4,45.23,2.63372,1,1251.84,0.526171,194,381,55,2014.5,,,
sec35mid,639455.883313345,5100660.12963972,broyles,2018,2016,11.29,,114.97,45.23,2.73299,1,1251.76,0.522114,194,381,55,2014.5,,,
sec35mid,639395.883313345,5100850.12963972,broyles,2018,2016,13.6,,112.1,57.8,2.26625,2.3958,1256.67,0.739942,194,381,55,2014.5,,,
sec35mid,639385.883313345,5100850.12963972,broyles,2018,2016,12.53,,114.59,57.8,2.60661,2,1257.23,0.571519,194,381,55,2014.5,,,
sec35mid,639385.883313345,5100860.12963972,broyles,2018,2016,14.35,,115.22,73.15,2.323,2,1257.35,0.674232,194,381,55,2014.5,,,
sec35mid,639395.883313345,5100880.12963972,broyles,2018,2016,14.04,,0,0,1.75038,2.84002,1257.31,0.941862,194,381,55,2014.5,,,
sec35mid,639385.883313345,5100890.12963972,broyles,2018,2016,15,,0,0,1.25776,3.08371,1257.54,1.00875,194,381,55,2014.5,,,
sec35mid,639565.883313345,5100700.12963972,broyles,2018,2016,11.33,,114.83,45.02,3.0685,1,1251.69,0.492486,194,381,55,2014.5,,,
sec35mid,639575.883313345,5100710.12963972,broyles,2018,2016,12.67,,114.78,45.02,3.12862,1,1251.81,0.49989,194,381,55,2014.5,,,
sec35mid,639635.883313345,5100660.12963972,broyles,2018,2016,12.84,,115.37,45.66,2.16874,0.383869,1251.38,0.615507,194,381,55,2014.5,,,
sec35mid,639625.883313345,5100640.12963972,broyles,2018,2016,12.39,,114.46,43.57,3.64285,1,1251.06,0.505802,194,381,55,2014.5,,,
sec35mid,639625.883313345,5100650.12963972,broyles,2018,2016,12.81,,114.4,45.66,3.57646,0.949857,1251.27,0.589971,194,381,55,2014.5,,,
sec35mid,639185.883313345,5100640.12963972,broyles,2018,2016,12.6,,109.68,45.65,3.48289,1,1250.08,0.432662,194,381,55,2014.5,,,
sec35mid,639175.883313345,5100630.12963972,broyles,2018,2016,13.13,15.36,113.25,44.97,2.57494,1,1249.94,0.43104,194,381,55,2014.5,,,
sec35mid,639625.883313345,5100680.12963972,broyles,2018,2016,11.58,,114.91,45.66,2.30544,0.0497379,1251.44,0.515744,194,381,55,2014.5,,,
sec35mid,639645.883313345,5100690.12963972,broyles,2018,2016,12.48,,114.15,45.66,1.94023,1,1251.25,0.425928,194,381,55,2014.5,,,
sec35mid,639105.883313345,5100690.12963972,broyles,2018,2016,15.83,13.42,115.28,45.63,2.60329,1,1251.44,0.465748,194,381,55,2014.5,,,
sec35mid,639495.883313345,5100590.12963972,broyles,2018,2016,10.88,,0,0,3.01562,1,1250.53,0.542918,194,381,55,2014.5,,,
sec35mid,639515.883313345,5100590.12963972,broyles,2018,2016,12.58,,0,0,3.05049,1,1250.48,0.590321,194,381,55,2014.5,,,
sec35mid,639505.883313345,5100600.12963972,broyles,2018,2016,13.45,,0,0,3.0461,1,1250.53,0.460658,194,381,55,2014.5,,,
sec35mid,639505.883313345,5100650.12963972,broyles,2018,2016,13.18,,116.2,45.71,3.10556,1,1251.28,0.499081,194,381,55,2014.5,,,
sec35mid,639495.883313345,5100640.12963972,broyles,2018,2016,13,,114.88,46.1,2.98707,1,1251.14,0.482159,194,381,55,2014.5,,,
sec35mid,639515.883313345,5100610.12963972,broyles,2018,2016,10.88,,114.63,101.28,3.13177,1,1250.7,0.487525,194,381,55,2014.5,,,
sec35mid,639505.883313345,5100630.12963972,broyles,2018,2016,11.9,,115.26,44.22,3.02391,1,1250.98,0.479603,194,381,55,2014.5,,,
sec35mid,639545.883313345,5100650.12963972,broyles,2018,2016,12.57,,115.6,46.19,2.70195,1,1251.26,0.530373,194,381,55,2014.5,,,
sec35mid,639525.883313345,5100650.12963972,broyles,2018,2016,12.03,,114.67,45.71,3.20665,0.869613,1251.31,0.542218,194,381,55,2014.5,,,
sec35mid,639525.883313345,5100630.12963972,broyles,2018,2016,12.21,,114.77,44.22,3.4121,1,1251.07,0.556436,194,381,55,2014.5,,,
sec35mid,639545.883313345,5100630.12963972,broyles,2018,2016,11.85,,115.39,46.19,2.83991,1,1251,0.52302,194,381,55,2014.5,,,
sec35mid,639535.883313345,5100640.12963972,broyles,2018,2016,12.76,13.72,114.38,46.14,3.08854,1,1251.19,0.544278,194,381,55,2014.5,,,
sec35mid,639145.883313345,5100590.12963972,broyles,2018,2016,14.15,,0,0,2.64021,1,1249.82,0.434794,194,381,55,2014.5,,,
sec35mid,639135.883313345,5100580.12963972,broyles,2018,2016,13.79,,0,0,2.70446,1,1249.87,0.58136,194,381,55,2014.5,,,
sec35mid,639415.883313345,5100810.12963972,broyles,2018,2016,13.46,,114.83,43.94,1.99508,3.12477,1254.01,0.484406,194,381,55,2014.5,,,
sec35mid,639405.883313345,5100820.12963972,broyles,2018,2016,12.13,,115.5,50.95,2.2283,4.0492,1255.2,0.60352,194,381,55,2014.5,,,
sec35mid,639415.883313345,5100840.12963972,broyles,2018,2016,13.51,17.7,0,0,1.7087,6.51847,1254.74,0.664982,194,381,55,2014.5,,,
sec35mid,639395.883313345,5100830.12963972,broyles,2018,2016,12.74,,115.23,47.89,2.38873,3.32084,1256.01,0.719641,194,381,55,2014.5,,,
sec35mid,639385.883313345,5100830.12963972,broyles,2018,2016,12.28,,114.48,47.88,2.82692,2,1256.67,0.608976,194,381,55,2014.5,,,
sec35mid,639395.883313345,5100800.12963972,broyles,2018,2016,12.99,9.89,102.2,46.06,2.40597,3.04952,1254.64,0.482277,194,381,55,2014.5,,,
sec35mid,639415.883313345,5100790.12963972,broyles,2018,2016,14.24,,115.07,45.88,2.08139,2.12547,1253.58,0.477241,194,381,55,2014.5,,,
sec35mid,639385.883313345,5100800.12963972,broyles,2018,2016,12.1,,114.45,46.06,2.58817,3,1255.05,0.496977,194,381,55,2014.5,,,
sec35mid,639405.883313345,5100800.12963972,broyles,2018,2016,11.47,,102.48,46.04,2.28094,3.12512,1254.38,0.475733,194,381,55,2014.5,,,
sec35mid,639615.883313345,5100740.12963972,broyles,2018,2016,14.56,,0,0,2.60016,0.921745,1252.2,0.676046,194,381,55,2014.5,,,
sec35mid,639615.883313345,5100750.12963972,broyles,2018,2016,13.47,,0,0,0.654278,0.589837,1252.2,0.767055,194,381,55,2014.5,,,
sec35mid,639595.883313345,5100750.12963972,broyles,2018,2016,13.17,15.56,115.27,57.77,4.67643,0.126877,1252.24,0.686771,194,381,55,2014.5,,,
sec35mid,639595.883313345,5100740.12963972,broyles,2018,2016,11.79,,114.92,44.1,3.65158,0.872772,1252.17,0.576281,194,381,55,2014.5,,,
sec35mid,639535.883313345,5100610.12963972,broyles,2018,2016,11.39,,115.26,58.61,3.10599,1,1250.72,0.510832,194,381,55,2014.5,,,
sec35mid,639525.883313345,5100600.12963972,broyles,2018,2016,11.91,,0,0,3.09448,1,1250.49,0.450279,194,381,55,2014.5,,,
sec35mid,639485.883313345,5100730.12963972,broyles,2018,2016,11.7,,115.55,46.1,1.59423,0,1252.06,0.515441,194,381,55,2014.5,,,
sec35mid,639465.883313345,5100740.12963972,broyles,2018,2016,12.29,12.33,115.24,45.23,1.50162,1,1252.19,0.523744,194,381,55,2014.5,,,
sec35mid,639495.883313345,5100760.12963972,broyles,2018,2016,12.61,,115.17,46.71,0.542189,1,1251.83,0.512445,194,381,55,2014.5,,,
sec35mid,639495.883313345,5100750.12963972,broyles,2018,2016,12.05,,115.25,46.1,0.715256,0.658707,1251.91,0.51888,194,381,55,2014.5,,,
sec35mid,639485.883313345,5100780.12963972,broyles,2018,2016,13.06,,115.41,46.71,0.615687,1,1251.63,0.48056,194,381,55,2014.5,,,
sec35mid,639465.883313345,5100780.12963972,broyles,2018,2016,12.34,,113.87,45.23,1.19489,1.07646,1251.97,0.468363,194,381,55,2014.5,,,
sec35mid,639465.883313345,5100760.12963972,broyles,2018,2016,12.26,13.41,115.39,45.23,1.26219,1,1252.13,0.514209,194,381,55,2014.5,,,
sec35mid,639195.883313345,5100630.12963972,broyles,2018,2016,13.85,,115.24,44.69,3.3682,1,1249.94,0.446888,194,381,55,2014.5,,,
sec35mid,639505.883313345,5100790.12963972,broyles,2018,2016,14.21,,114.82,45.71,0.295638,1,1251.35,0.507043,194,381,55,2014.5,,,
sec35mid,639405.883313345,5100870.12963972,broyles,2018,2016,14.17,,0,0,1.75288,4.65596,1256.84,1.0662,194,381,55,2014.5,,,
sec35mid,639405.883313345,5100850.12963972,broyles,2018,2016,12.72,15.25,0,0,2.03986,3.83969,1256.36,0.868974,194,381,55,2014.5,,,
sec35mid,639675.883313345,5100720.12963972,broyles,2018,2016,12.8,,111.02,45.3,2.49701,1.38176,1251.49,0.608409,194,381,55,2014.5,,,
sec35mid,639665.883313345,5100710.12963972,broyles,2018,2016,12.25,,113.84,45.75,2.86179,1,1251.44,0.540202,194,381,55,2014.5,,,
sec35mid,639685.883313345,5100710.12963972,broyles,2018,2016,13.43,,113.34,45.75,2.36775,2,1251.11,0.555737,194,381,55,2014.5,,,
sec35mid,639505.883313345,5100780.12963972,broyles,2018,2016,13.08,17.15,114.73,45.71,0.2483,1,1251.5,0.493841,194,381,55,2014.5,,,
sec35mid,639515.883313345,5100780.12963972,broyles,2018,2016,13.9,,114.41,45.71,2.20069,1,1251.48,0.489667,194,381,55,2014.5,,,
sec35mid,639505.883313345,5100770.12963972,broyles,2018,2016,13.04,,115.33,45.71,0.331608,1,1251.67,0.505686,194,381,55,2014.5,,,
sec35mid,639515.883313345,5100760.12963972,broyles,2018,2016,11.75,12.79,114.72,45.71,6.07565,1,1251.79,0.527113,194,381,55,2014.5,,,
sec35mid,639655.883313345,5100700.12963972,broyles,2018,2016,12.61,,110.57,45.74,2.94442,1,1251.24,0.437904,194,381,55,2014.5,,,
sec35mid,639635.883313345,5100740.12963972,broyles,2018,2016,11.2,,0,0,1.97657,0.127228,1252.11,0.725146,194,381,55,2014.5,,,
sec35mid,639635.883313345,5100710.12963972,broyles,2018,2016,12.19,,115.19,45.66,2.76036,1,1251.56,0.43275,194,381,55,2014.5,,,
sec35mid,639645.883313345,5100720.12963972,broyles,2018,2016,12.43,,113.97,45.66,3.03185,1,1251.76,0.534189,194,381,55,2014.5,,,
sec35mid,639455.883313345,5100720.12963972,broyles,2018,2016,12.17,,116.22,45.23,2.08232,0.922346,1252.26,0.514725,194,381,55,2014.5,,,
sec35mid,639455.883313345,5100700.12963972,broyles,2018,2016,12.46,,115.3,45.23,2.2771,0.528926,1252.16,0.515975,194,381,55,2014.5,,,
sec35mid,639475.883313345,5100720.12963972,broyles,2018,2016,11.62,,114.63,46.1,1.82828,0,1252.1,0.510289,194,381,55,2014.5,,,
sec35mid,639475.883313345,5100700.12963972,broyles,2018,2016,13.78,,114.48,46.1,2.23378,0.341525,1252.04,0.54221,194,381,55,2014.5,,,
sec35mid,639465.883313345,5100710.12963972,broyles,2018,2016,11.07,,113.26,45.23,2.0499,0,1252.12,0.513066,194,381,55,2014.5,,,
sec35mid,639515.883313345,5100750.12963972,broyles,2018,2016,12.71,,116.3,45.71,5.87311,0.126877,1251.89,0.538705,194,381,55,2014.5,,,
sec35mid,639685.883313345,5100670.12963972,broyles,2018,2016,12.77,,117.57,44.98,1.40162,2.76282,1250.45,0.529569,194,381,55,2014.5,,,
sec35mid,639685.883313345,5100690.12963972,broyles,2018,2016,12.18,,119.79,44.98,2.1447,2.33222,1250.69,0.56854,194,381,55,2014.5,,,
sec35mid,639665.883313345,5100680.12963972,broyles,2018,2016,13.2,,114.4,44.98,1.89654,1,1250.85,0.327989,194,381,55,2014.5,,,
sec35mid,639695.883313345,5100680.12963972,broyles,2018,2016,12.6,,115.66,0,1.87577,4.4608,1249.54,0.364929,194,381,55,2014.5,,,
sec35mid,639675.883313345,5100640.12963972,broyles,2018,2016,12.06,,114.77,44.98,2.16125,1,1250.85,0.699324,194,381,55,2014.5,,,
sec35mid,639665.883313345,5100620.12963972,broyles,2018,2016,12.29,,115.24,44.98,2.94607,1.86856,1250.61,0.661941,194,381,55,2014.5,,,
sec35mid,639665.883313345,5100650.12963972,broyles,2018,2016,12.73,,114.19,44.98,1.80212,1,1251.05,0.594766,194,381,55,2014.5,,,
sec35mid,639695.883313345,5100650.12963972,broyles,2018,2016,11.9,,115.36,0,1.42323,4.22388,1250.42,0.896064,194,381,55,2014.5,,,
sec35mid,639695.883313345,5100590.12963972,broyles,2018,2016,11.19,,0,0,2.51243,4.38106,1248.82,0.776101,194,381,55,2014.5,,,
sec35mid,639665.883313345,5100600.12963972,broyles,2018,2016,12.24,,0,0,2.86333,3,1249.66,0.378753,194,381,55,2014.5,,,
sec35mid,639695.883313345,5100610.12963972,broyles,2018,2016,12.33,,0,0,2.44209,4.38106,1249.54,0.713118,194,381,55,2014.5,,,
sec35mid,639645.883313345,5100600.12963972,broyles,2018,2016,11.43,,0,0,2.89221,2.86786,1249.93,0.383453,194,381,55,2014.5,,,
sec35mid,639445.883313345,5100740.12963972,broyles,2018,2016,12.47,,114.28,45.23,1.88497,1,1252.39,0.491316,194,381,55,2014.5,,,
sec35mid,639425.883313345,5100640.12963972,broyles,2018,2016,12.63,,114.7,45.88,2.90131,1,1251.59,0.486739,194,381,55,2014.5,,,
sec35mid,639415.883313345,5100620.12963972,broyles,2018,2016,12.24,,114.83,45.88,2.55182,0.0519317,1251.46,0.485877,194,381,55,2014.5,,,
sec35mid,639435.883313345,5100620.12963972,broyles,2018,2016,13.59,,115.69,45.88,2.4609,1,1251.34,0.484727,194,381,55,2014.5,,,
sec35mid,639595.883313345,5100720.12963972,broyles,2018,2016,13.29,15.98,114.62,47.43,3.02734,1,1251.95,0.520165,194,381,55,2014.5,,,
sec35mid,639595.883313345,5100690.12963972,broyles,2018,2016,12.48,,115.36,45.52,3.12512,1,1251.55,0.487509,194,381,55,2014.5,,,
sec35mid,639565.883313345,5100690.12963972,broyles,2018,2016,11.09,,115,45.02,2.99147,1,1251.57,0.485365,194,381,55,2014.5,,,
sec35mid,639285.883313345,5100880.12963972,broyles,2018,2016,11.06,,59.86,109.16,3.41162,2,1258.43,0.44633,194,381,55,2014.5,,,
sec35mid,639595.883313345,5100710.12963972,broyles,2018,2016,12.67,,117.42,45.5,2.99128,1,1251.81,0.50847,194,381,55,2014.5,,,
sec35mid,639585.883313345,5100700.12963972,broyles,2018,2016,12.2,,115.34,45.02,3.08126,1,1251.68,0.495088,194,381,55,2014.5,,,
sec35mid,639615.883313345,5100720.12963972,broyles,2018,2016,13.35,,115.96,47.43,2.86467,1,1251.88,0.50543,194,381,55,2014.5,,,
sec35mid,639605.883313345,5100700.12963972,broyles,2018,2016,14.12,,143.06,45.68,2.81149,1,1251.63,0.48227,194,381,55,2014.5,,,
sec35mid,639435.883313345,5100610.12963972,broyles,2018,2016,11.95,15.72,115.77,45.88,2.16931,1,1251.25,0.475137,194,381,55,2014.5,,,
sec35mid,639435.883313345,5100590.12963972,broyles,2018,2016,12.74,,0,0,2.10549,1,1251.18,0.531043,194,381,55,2014.5,,,
sec35mid,639425.883313345,5100600.12963972,broyles,2018,2016,12.95,,0,0,2.30335,0.920021,1251.32,0.497072,194,381,55,2014.5,,,
sec35mid,639435.883313345,5100600.12963972,broyles,2018,2016,12.46,,0,0,2.10864,1,1251.19,0.481503,194,381,55,2014.5,,,
sec35mid,639615.883313345,5100630.12963972,broyles,2018,2016,9.79,,115.43,47.46,3.2131,1,1250.81,0.448899,194,381,55,2014.5,,,
sec35mid,639615.883313345,5100620.12963972,broyles,2018,2016,10.55,,115.78,58.65,3.1152,1,1250.71,0.543021,194,381,55,2014.5,,,
sec35mid,639305.883313345,5100900.12963972,broyles,2018,2016,12.35,,64.17,109.16,3.16178,1.52692,1259.24,0.60032,194,381,55,2014.5,,,
sec35mid,639285.883313345,5100840.12963972,broyles,2018,2016,10.68,,60.01,62.67,3.50386,2,1257.09,0.515397,194,381,55,2014.5,,,
sec35mid,639465.883313345,5100640.12963972,broyles,2018,2016,12.05,11.6,115.08,45.23,2.625,1,1251.41,0.521929,194,381,55,2014.5,,,
sec35mid,639495.883313345,5100720.12963972,broyles,2018,2016,12.52,,114.63,46.1,2.01512,0,1251.97,0.525417,194,381,55,2014.5,,,
sec35mid,639495.883313345,5100710.12963972,broyles,2018,2016,12.22,,114.81,46.1,2.25929,0.530975,1251.93,0.519195,194,381,55,2014.5,,,
sec35mid,639485.883313345,5100610.12963972,broyles,2018,2016,12.62,,115,0,2.91959,1,1250.73,0.448194,194,381,55,2014.5,,,
sec35mid,639175.883313345,5100610.12963972,broyles,2018,2016,13.96,14.35,115.61,45.74,2.36557,1,1249.81,0.493676,194,381,55,2014.5,,,
sec35mid,639195.883313345,5100610.12963972,broyles,2018,2016,14.76,16.03,114.9,84.39,3.01109,1,1249.66,0.472414,194,381,55,2014.5,,,
sec35mid,639195.883313345,5100620.12963972,broyles,2018,2016,14.1,,115.24,44.32,3.17926,1,1249.79,0.454696,194,381,55,2014.5,,,
sec35mid,639175.883313345,5100620.12963972,broyles,2018,2016,14.38,15.13,115.54,43.95,2.42069,1,1249.85,0.471812,194,381,55,2014.5,,,
sec35mid,639405.883313345,5100720.12963972,broyles,2018,2016,12.15,,115.44,46.06,2.69565,1,1252.65,0.499243,194,381,55,2014.5,,,
sec35mid,639475.883313345,5100600.12963972,broyles,2018,2016,11.12,,0,0,2.45303,1,1250.62,0.398324,194,381,55,2014.5,,,
sec35mid,639455.883313345,5100600.12963972,broyles,2018,2016,13.27,,0,0,1.92313,1,1250.92,0.451906,194,381,55,2014.5,,,
sec35mid,639405.883313345,5100700.12963972,broyles,2018,2016,12.12,,115.74,46.06,3.05532,1,1252.35,0.495904,194,381,55,2014.5,,,
sec35mid,639415.883313345,5100670.12963972,broyles,2018,2016,11.64,13.55,115.9,45.88,2.97861,1,1251.97,0.496069,194,381,55,2014.5,,,
sec35mid,639415.883313345,5100680.12963972,broyles,2018,2016,10.91,,116,45.88,2.995,1,1252.1,0.501709,194,381,55,2014.5,,,
sec35mid,639425.883313345,5100810.12963972,broyles,2018,2016,13.57,14.9,114.61,43.94,1.85587,3.12477,1253.64,0.516482,194,381,55,2014.5,,,
sec35mid,639435.883313345,5100790.12963972,broyles,2018,2016,13.94,,114.6,45.88,1.83175,2,1253.09,0.519986,194,381,55,2014.5,,,
sec35mid,639425.883313345,5100780.12963972,broyles,2018,2016,10.7,,114.34,0,2.04946,2,1253.19,0.49565,194,381,55,2014.5,,,
sec35mid,639555.883313345,5100600.12963972,broyles,2018,2016,9.92,,0,0,3.05306,1.86786,1250.44,0.45522,194,381,55,2014.5,,,
sec35mid,639555.883313345,5100590.12963972,broyles,2018,2016,12.81,,0,0,3.04755,2,1250.4,0.613218,194,381,55,2014.5,,,
sec35mid,639725.883313345,5100700.12963972,broyles,2018,2016,12.93,,0,0,1.7784,7.37002,1247.45,0.379668,194,381,55,2014.5,,,
sec35mid,639735.883313345,5100710.12963972,broyles,2018,2016,12.59,,0,0,1.69516,5.9428,1246.78,0.140645,194,381,55,2014.5,,,
sec35mid,639115.883313345,5100650.12963972,broyles,2018,2016,9.57,13.43,113.99,45.24,2.14115,1,1251.04,0.552641,194,381,55,2014.5,,,
sec35mid,639715.883313345,5100650.12963972,broyles,2018,2016,13.19,,0,0,1.58702,7.48961,1247.96,0.417519,194,381,55,2014.5,,,
sec35mid,639735.883313345,5100620.12963972,broyles,2018,2016,13.22,15.53,0,0,1.80307,4.91294,1245.35,0.19165,194,381,55,2014.5,,,
sec35mid,639735.883313345,5100610.12963972,broyles,2018,2016,13.59,,0,0,1.59279,3.99493,1245.15,0.0440604,194,381,55,2014.5,,,
sec35mid,639725.883313345,5100630.12963972,broyles,2018,2016,12.54,,0,0,1.66654,5.95028,1246.23,0.397535,194,381,55,2014.5,,,
sec35mid,639715.883313345,5100610.12963972,broyles,2018,2016,14.37,,0,0,1.72823,7.61999,1247.46,0.391186,194,381,55,2014.5,,,
sec35mid,639715.883313345,5100630.12963972,broyles,2018,2016,13.76,,0,0,1.64243,7.61999,1247.97,0.61505,194,381,55,2014.5,,,
sec35mid,639735.883313345,5100670.12963972,broyles,2018,2016,12.69,,0,0,1.75703,4.95086,1246.14,0.354702,194,381,55,2014.5,,,
sec35mid,639725.883313345,5100670.12963972,broyles,2018,2016,12.34,,0,0,1.767,5.08049,1246.75,0.387947,194,381,55,2014.5,,,
sec35mid,639725.883313345,5100680.12963972,broyles,2018,2016,12.24,13.48,0,0,1.79583,5.75003,1246.94,0.368461,194,381,55,2014.5,,,
sec35mid,639205.883313345,5101500.12963972,broyles,2018,2016,11.63,11.13,115.42,45.52,2.72349,3,1281.97,0.528351,196,392,51.25,1985.5,,,
sec35mid,639525.883313345,5100800.12963972,broyles,2018,2016,12.87,13.06,0,0,0.349613,1,1251.13,0.539274,194,381,55,2014.5,,,
sec35mid,639525.883313345,5100810.12963972,broyles,2018,2016,12.69,,0,0,0.175304,1.0486,1250.92,0.499433,194,381,55,2014.5,,,
sec35mid,639545.883313345,5100790.12963972,broyles,2018,2016,12.23,,0,0,0.105677,2,1251.24,0.535616,194,381,55,2014.5,,,
sec35mid,639685.883313345,5100740.12963972,broyles,2018,2016,14.13,,0,0,1.07885,1.25446,1251.61,0.927531,194,381,55,2014.5,,,
sec35mid,639665.883313345,5100740.12963972,broyles,2018,2016,12.64,,0,0,1.2582,0.254456,1251.86,0.772028,194,381,55,2014.5,,,
sec35mid,639675.883313345,5100750.12963972,broyles,2018,2016,12.91,,0,0,0.440217,2.76239,1251.47,1.01425,194,381,55,2014.5,,,
sec35mid,639105.883313345,5100620.12963972,broyles,2018,2016,13.28,,114.46,54.74,2.82346,1,1250.75,0.529678,194,381,55,2014.5,,,
sec35mid,639615.883313345,5100760.12963972,broyles,2018,2016,11.48,,0,0,0.3921,2.17523,1251.99,0.836242,194,381,55,2014.5,,,
sec35mid,639585.883313345,5100760.12963972,broyles,2018,2016,13.46,,115.59,45.02,5.40952,1.12653,1252.12,0.700664,194,381,55,2014.5,,,
sec35mid,639585.883313345,5100770.12963972,broyles,2018,2016,12.92,,0,0,0.115489,2.12617,1251.86,0.735871,194,381,55,2014.5,,,
sec35mid,639565.883313345,5100780.12963972,broyles,2018,2016,13.53,,0,0,0.193463,2.12582,1251.59,0.662721,194,381,55,2014.5,,,
sec35mid,639245.883313345,5101170.12963972,broyles,2018,2016,12.02,,114.87,44.97,2.64614,2.3581,1268.97,0.600989,196,392,51.25,1985.5,,,
sec35mid,639215.883313345,5101090.12963972,broyles,2018,2016,11.9,,89.16,38.05,2.69939,2,1266.47,0.497555,196,392,51.25,1985.5,,,
sec35mid,639245.883313345,5101120.12963972,broyles,2018,2016,11.79,,115.24,31.03,2.34661,3.04578,1266.8,0.447557,196,392,51.25,1985.5,,,
sec35mid,639085.883313345,5100710.12963972,broyles,2018,2016,14.61,16.4,0,0,2.77636,1,1251.92,0.467312,194,381,55,2014.5,,,
sec35mid,639235.883313345,5101120.12963972,broyles,2018,2016,13.31,,115.28,31.03,2.43907,3,1267.02,0.454501,196,392,51.25,1985.5,,,
sec35mid,639235.883313345,5101090.12963972,broyles,2018,2016,12.66,,115.07,31.03,2.59766,2,1266.13,0.513919,196,392,51.25,1985.5,,,
sec35mid,639575.883313345,5100750.12963972,broyles,2018,2016,13.81,17.8,115.21,45.02,4.88928,0.126877,1252.15,0.602754,194,381,55,2014.5,,,
sec35mid,639555.883313345,5100720.12963972,broyles,2018,2016,12.81,14.68,114.06,46.19,3.34481,1,1251.94,0.532427,194,381,55,2014.5,,,
sec35mid,639555.883313345,5100800.12963972,broyles,2018,2016,12.19,,0,0,0.316354,3,1250.74,0.441968,194,381,55,2014.5,,,
sec35mid,639555.883313345,5100750.12963972,broyles,2018,2016,12.96,,114.98,46.19,5.05484,0.126877,1252.09,0.577951,194,381,55,2014.5,,,
sec35mid,639575.883313345,5100740.12963972,broyles,2018,2016,12,,114.98,45.02,3.61785,0,1252.14,0.572571,194,381,55,2014.5,,,
sec35mid,639575.883313345,5100720.12963972,broyles,2018,2016,13.66,17.43,107.19,45.02,3.17691,1,1251.95,0.527557,194,381,55,2014.5,,,
sec35mid,639715.883313345,5100730.12963972,broyles,2018,2016,12.36,12.69,0,0,1.57357,9.37966,1249.25,0.897535,194,381,55,2014.5,,,
sec35mid,639705.883313345,5100730.12963972,broyles,2018,2016,14.69,,114.51,0,1.80493,3.26866,1250.93,1.12363,194,381,55,2014.5,,,
sec35mid,639695.883313345,5100760.12963972,broyles,2018,2016,14.03,,0,0,0.48947,7.4109,1250.02,0.936932,194,381,55,2014.5,,,
sec35mid,639705.883313345,5100750.12963972,broyles,2018,2016,12.94,16.25,0,0,0.79707,5.55207,1250.54,1.30304,194,381,55,2014.5,,,
sec35mid,639715.883313345,5100720.12963972,broyles,2018,2016,11.51,,0,0,1.70632,8.83867,1249.17,0.888194,194,381,55,2014.5,,,
sec35mid,639565.883313345,5100760.12963972,broyles,2018,2016,13.09,,115.21,45.02,5.62217,1,1252.09,0.653975,194,381,55,2014.5,,,
sec35mid,639555.883313345,5100770.12963972,broyles,2018,2016,13.46,,115.01,36.47,5.90376,1.12617,1251.9,0.659963,194,381,55,2014.5,,,
sec35mid,639535.883313345,5100780.12963972,broyles,2018,2016,12.97,,114.9,40.69,5.34274,1.38878,1251.54,0.54679,194,381,55,2014.5,,,
sec35mid,639145.883313345,5100640.12963972,broyles,2018,2016,11.88,,115.01,48.04,2.10679,1,1250.66,0.560294,194,381,55,2014.5,,,
sec35mid,639125.883313345,5100640.12963972,broyles,2018,2016,14.64,,115.02,45.24,2.37621,1,1250.9,0.551459,194,381,55,2014.5,,,
sec35mid,639165.883313345,5100620.12963972,broyles,2018,2016,12.35,,115.09,48.04,2.15649,1,1250.05,0.51301,194,381,55,2014.5,,,
sec35mid,639125.883313345,5100590.12963972,broyles,2018,2016,13.19,,0,0,2.86928,1,1250.02,0.438189,194,381,55,2014.5,,,
sec35mid,639165.883313345,5100590.12963972,broyles,2018,2016,14.47,,0,0,2.59659,1,1249.58,0.441437,194,381,55,2014.5,,,
sec35mid,639115.883313345,5100670.12963972,broyles,2018,2016,13.25,,114.85,45.33,2.20033,1,1251.15,0.483947,194,381,55,2014.5,,,
sec35mid,639115.883313345,5100700.12963972,broyles,2018,2016,15.75,,114.03,45.41,2.73532,1,1251.58,0.484341,194,381,55,2014.5,,,
sec35mid,639075.883313345,5100690.12963972,broyles,2018,2016,12.45,,0,0,2.47368,1,1251.71,0.462837,194,381,55,2014.5,,,
sec35mid,639085.883313345,5100690.12963972,broyles,2018,2016,12.79,,0,0,2.62111,1,1251.6,0.471947,194,381,55,2014.5,,,
sec35mid,639085.883313345,5100700.12963972,broyles,2018,2016,14.31,,0,0,2.70037,1,1251.74,0.469177,194,381,55,2014.5,,,
sec35mid,639205.883313345,5100640.12963972,broyles,2018,2016,12.31,,114.83,47.1,3.50103,1,1250.24,0.484635,194,381,55,2014.5,,,
sec35mid,639685.883313345,5100630.12963972,broyles,2018,2016,12.6,13.12,115.23,44.98,2.29293,1.76282,1250.67,0.929915,194,381,55,2014.5,,,
sec35mid,639255.883313345,5100750.12963972,broyles,2018,2016,13.83,,114.9,45.96,3.27947,2,1253.85,0.499088,194,381,55,2014.5,,,
sec35mid,639255.883313345,5100780.12963972,broyles,2018,2016,11.43,,114.95,43.7,3.26422,2,1254.95,0.516189,194,381,55,2014.5,,,
sec35mid,639255.883313345,5100740.12963972,broyles,2018,2016,12.82,,115.33,44.94,3.25074,2,1253.49,0.504369,194,381,55,2014.5,,,
sec35mid,639265.883313345,5100770.12963972,broyles,2018,2016,12.9,,114.86,62.67,3.30745,2,1254.64,0.50836,194,381,55,2014.5,,,
sec35mid,639265.883313345,5100850.12963972,broyles,2018,2016,15.43,,113.59,62.67,3.36578,2.07351,1257.1,0.3884,194,381,55,2014.5,,,
sec35mid,639425.883313345,5100740.12963972,broyles,2018,2016,13.08,13.21,113.61,45.88,2.20239,1,1252.65,0.473556,194,381,55,2014.5,,,
sec35mid,639455.883313345,5100730.12963972,broyles,2018,2016,11.89,14.6,116.27,45.23,1.90053,0.470435,1252.3,0.514548,194,381,55,2014.5,,,
sec35mid,639235.883313345,5100780.12963972,broyles,2018,2016,10.99,,87.98,43.7,3.23043,2,1254.9,0.543601,194,381,55,2014.5,,,
sec35mid,639225.883313345,5100780.12963972,broyles,2018,2016,11.2,11.3,115.36,36.25,3.26975,2,1254.85,0.543835,194,381,55,2014.5,,,
sec35mid,639235.883313345,5100740.12963972,broyles,2018,2016,11.51,,114.61,44.94,3.29585,2,1253.42,0.499932,194,381,55,2014.5,,,
sec35mid,639245.883313345,5101430.12963972,broyles,2018,2016,11.42,,114.53,46.74,2.26388,3.06131,1277.07,0.520614,196,392,51.25,1985.5,,,
sec35mid,639235.883313345,5101440.12963972,broyles,2018,2016,11.89,,114.54,45.42,2.27588,3.46423,1277.74,0.494851,196,392,51.25,1985.5,,,
sec35mid,639245.883313345,5101450.12963972,broyles,2018,2016,11.7,,115.33,45.42,2.16847,4.10196,1277.73,0.440314,196,392,51.25,1985.5,,,
sec35mid,639215.883313345,5101430.12963972,broyles,2018,2016,11.12,,125.18,45.42,2.70296,3.10266,1277.92,0.432026,196,392,51.25,1985.5,,,
sec35mid,639705.883313345,5100760.12963972,broyles,2018,2016,12.65,12.86,0,0,0.632915,8.15758,1249.52,0.823193,194,381,55,2014.5,,,
sec35mid,639215.883313345,5101480.12963972,broyles,2018,2016,11.33,10.92,111.19,45.42,2.79532,3,1280.9,0.649769,196,392,51.25,1985.5,,,
sec35mid,639105.883313345,5100740.12963972,broyles,2018,2016,11.99,,114.04,56.07,3.35103,2,1252.61,0.462911,194,381,55,2014.5,,,
sec35mid,639115.883313345,5100710.12963972,broyles,2018,2016,13.63,14.6,115.94,45.41,2.82276,1.05248,1251.78,0.460948,194,381,55,2014.5,,,
sec35mid,639325.883313345,5100690.12963972,broyles,2018,2016,11.62,,115.04,46.12,3.14641,1.65175,1252.03,0.45591,194,381,55,2014.5,,,
sec35mid,639325.883313345,5100670.12963972,broyles,2018,2016,13.02,10.09,114.53,45.25,3.39512,1.07764,1251.51,0.384153,194,381,55,2014.5,,,
sec35mid,639585.883313345,5100590.12963972,broyles,2018,2016,12.27,13.16,0,0,2.99522,2,1250.33,0.628805,194,381,55,2014.5,,,
sec35mid,639085.883313345,5100630.12963972,broyles,2018,2016,13.22,,0,0,2.81065,1,1250.95,0.509782,194,381,55,2014.5,,,
sec35mid,639565.883313345,5100610.12963972,broyles,2018,2016,11.06,,0,0,3.01555,1,1250.66,0.532618,194,381,55,2014.5,,,
sec35mid,639225.883313345,5101450.12963972,broyles,2018,2016,12.27,,114.68,45.42,2.58877,4,1278.85,0.519508,196,392,51.25,1985.5,,,
sec35mid,639285.883313345,5101020.12963972,broyles,2018,2016,12.78,,117.45,58.02,2.80684,2,1263.75,0.533554,194.234,382.288,54.5611,2011.11,,,
sec35mid,639295.883313345,5101040.12963972,broyles,2018,2016,12.04,,115.58,58.02,2.28393,1.04662,1264.22,0.650032,196,392,51.25,1985.5,,,
sec35mid,639305.883313345,5101040.12963972,broyles,2018,2016,12.76,11.56,115.54,58.02,1.67201,2.04654,1263.83,0.706342,196,392,51.25,1985.5,,,
sec35mid,639235.883313345,5100720.12963972,broyles,2018,2016,10.1,12.67,114.52,44.94,3.3365,2,1252.66,0.486103,194,381,55,2014.5,,,
sec35mid,639315.883313345,5100990.12963972,broyles,2018,2016,13.38,13.94,114.66,55.53,2.39841,5.03368,1262.19,0.903375,194,381,55,2014.5,,,
sec35mid,639125.883313345,5100680.12963972,broyles,2018,2016,11.79,,115.48,45.41,2.53569,1,1251.11,0.43883,194,381,55,2014.5,,,
sec35mid,639225.883313345,5101480.12963972,broyles,2018,2016,11.12,,92.83,45.42,2.40074,4.40352,1280.45,0.766584,196,392,51.25,1985.5,,,
sec35mid,639305.883313345,5101010.12963972,broyles,2018,2016,11.51,13.26,114.84,58.02,2.72867,2,1263.28,0.530365,194,381,55,2014.5,,,
sec35mid,639295.883313345,5101010.12963972,broyles,2018,2016,11.49,12.89,114.8,58.02,2.79678,2,1263.36,0.519989,194,381,55,2014.5,,,
sec35mid,639255.883313345,5101000.12963972,broyles,2018,2016,12.4,,115.33,58.8,3.10488,2,1263.16,0.479223,194,381,55,2014.5,,,
sec35mid,639575.883313345,5100670.12963972,broyles,2018,2016,11.78,,114.69,45.02,2.92375,1,1251.33,0.483076,194,381,55,2014.5,,,
sec35mid,639225.883313345,5101510.12963972,broyles,2018,2016,13.32,,115.96,56.6,2.04124,3.40352,1281.74,0.83748,196,392,51.25,1985.5,,,
sec35mid,639265.883313345,5101020.12963972,broyles,2018,2016,13.04,,115.6,58.8,3.0144,2,1263.93,0.55424,195.29,388.094,52.5814,1995.8,,,
sec35mid,639255.883313345,5101020.12963972,broyles,2018,2016,12.03,10.99,115.37,58.8,3.05091,2,1263.98,0.551753,196,392,51.25,1985.5,,,
sec35mid,639175.883313345,5100740.12963972,broyles,2018,2016,11.51,,115.16,45.65,3.27792,2,1253,0.469496,194,381,55,2014.5,,,
sec35mid,639115.883313345,5100630.12963972,broyles,2018,2016,12.59,,110.74,45.02,2.64133,1,1250.83,0.544593,194,381,55,2014.5,,,
sec35mid,639095.883313345,5100680.12963972,broyles,2018,2016,12.34,,115.44,45.63,2.44397,1,1251.39,0.450293,194,381,55,2014.5,,,
sec35mid,639235.883313345,5101240.12963972,broyles,2018,2016,11.94,12.98,114.91,44.97,2.05487,2,1270.95,0.565525,196,392,51.25,1985.5,,,
sec35mid,639225.883313345,5101230.12963972,broyles,2018,2016,12.39,10.94,115.29,44.97,2.34222,2,1270.94,0.537695,196,392,51.25,1985.5,,,
sec35mid,639225.883313345,5101200.12963972,broyles,2018,2016,13.63,,118.23,44.97,2.84396,2,1270.2,0.546366,196,392,51.25,1985.5,,,
sec35mid,639215.883313345,5101240.12963972,broyles,2018,2016,11.32,10.32,59.88,41.76,2.29884,2,1271.5,0.58634,196,392,51.25,1985.5,,,
sec35mid,639355.883313345,5100860.12963972,broyles,2018,2016,12.99,13.42,116.05,53.71,3.3571,1.95119,1257.67,0.506709,194,381,55,2014.5,,,
sec35mid,639235.883313345,5100830.12963972,broyles,2018,2016,11.4,,89.97,43.7,3.23852,2,1256.29,0.435208,194,381,55,2014.5,,,
sec35mid,639225.883313345,5100840.12963972,broyles,2018,2016,13.22,,100.12,38.69,3.08385,2,1256.61,0.41255,194,381,55,2014.5,,,
sec35mid,639235.883313345,5100860.12963972,broyles,2018,2016,13.63,,89.42,43.7,3.1957,3,1257.51,0.47212,194,381,55,2014.5,,,
sec35mid,639245.883313345,5100860.12963972,broyles,2018,2016,12.59,,89.65,43.7,3.19546,3,1257.53,0.479081,194,381,55,2014.5,,,
sec35mid,639145.883313345,5100620.12963972,broyles,2018,2016,12.78,,114.6,48.04,2.41632,1,1250.42,0.557893,194,381,55,2014.5,,,
sec35mid,639305.883313345,5100960.12963972,broyles,2018,2016,13.68,,114.45,58.02,2.53883,4.04771,1260.84,0.498695,194,381,55,2014.5,,,
sec35mid,639305.883313345,5100930.12963972,broyles,2018,2016,13.13,,66.31,109.16,2.39014,1.64776,1259.65,0.403895,194,381,55,2014.5,,,
sec35mid,639315.883313345,5100920.12963972,broyles,2018,2016,13.09,13.47,101.99,45.35,1.70354,2.39966,1259.27,0.597955,194,381,55,2014.5,,,
sec35mid,639315.883313345,5100950.12963972,broyles,2018,2016,13.06,,115.02,61.06,2.09941,4.16727,1259.62,0.416148,194,381,55,2014.5,,,
sec35mid,639315.883313345,5100870.12963972,broyles,2018,2016,10.42,,115.38,109.16,3.10377,2,1258.36,0.574418,194,381,55,2014.5,,,
sec35mid,639315.883313345,5100900.12963972,broyles,2018,2016,11.93,13.21,114.12,45.35,2.34001,1.04846,1259.14,0.682476,194,381,55,2014.5,,,
sec35mid,639585.883313345,5100790.12963972,broyles,2018,2016,9.52,,0,0,0.323851,4.41485,1250.84,0.552435,194,381,55,2014.5,,,
sec35mid,639165.883313345,5100640.12963972,broyles,2018,2016,15.02,,110.99,48.04,1.97474,1.51504,1250.23,0.446268,194,381,55,2014.5,,,
sec35mid,639225.883313345,5101420.12963972,broyles,2018,2016,12.01,,116.54,45.42,2.6203,2.10301,1277.33,0.482254,196,392,51.25,1985.5,,,
sec35mid,639295.883313345,5100610.12963972,broyles,2018,2016,12.15,13.63,115.14,49.89,4.08923,1,1250.65,0.505645,194,381,55,2014.5,,,
sec35mid,639285.883313345,5100620.12963972,broyles,2018,2016,11.12,14.37,115.02,56.69,3.78413,1,1250.61,0.501726,194,381,55,2014.5,,,
sec35mid,639275.883313345,5100910.12963972,broyles,2018,2016,13.35,,115.14,62.67,2.89966,2,1259.7,0.618376,194,381,55,2014.5,,,
sec35mid,639295.883313345,5100870.12963972,broyles,2018,2016,11.8,,59.9,109.16,3.48872,2,1258.3,0.551102,194,381,55,2014.5,,,
sec35mid,639285.883313345,5100910.12963972,broyles,2018,2016,11.81,14.09,59.96,109.16,2.89031,2,1259.62,0.594079,194,381,55,2014.5,,,
sec35mid,639305.883313345,5100840.12963972,broyles,2018,2016,11.07,,60.05,109.16,3.2075,2,1257.26,0.512583,194,381,55,2014.5,,,
sec35mid,639295.883313345,5100830.12963972,broyles,2018,2016,10.77,13.39,59.78,109.16,3.37271,2,1256.81,0.491755,194,381,55,2014.5,,,
sec35mid,639275.883313345,5100840.12963972,broyles,2018,2016,12.34,,114.72,62.67,3.59973,2,1256.99,0.493828,194,381,55,2014.5,,,
sec35mid,639305.883313345,5100870.12963972,broyles,2018,2016,12.12,13.3,59.85,109.16,3.28142,2,1258.35,0.56668,194,381,55,2014.5,,,
sec35mid,639255.883313345,5100610.12963972,broyles,2018,2016,10.75,,114.87,58.35,3.75949,1,1250.08,0.47411,194,381,55,2014.5,,,
sec35mid,639265.883313345,5100620.12963972,broyles,2018,2016,11.03,,115.62,56.69,3.79231,1,1250.34,0.481055,194,381,55,2014.5,,,
sec35mid,639255.883313345,5100580.12963972,broyles,2018,2016,11.68,,0,0,3.93768,1,1249.75,0.519307,194,381,55,2014.5,,,
sec35mid,639265.883313345,5100600.12963972,broyles,2018,2016,14.27,13.75,0,0,3.89873,1,1250.01,0.451207,194,381,55,2014.5,,,
sec35mid,639515.883313345,5100730.12963972,broyles,2018,2016,12.29,,115.36,45.71,3.11719,0,1251.94,0.534988,194,381,55,2014.5,,,
sec35mid,639235.883313345,5101260.12963972,broyles,2018,2016,14.28,11.48,114.86,44.97,1.86889,2,1271.07,0.488006,196,392,51.25,1985.5,,,
sec35mid,639225.883313345,5101250.12963972,broyles,2018,2016,12.81,9.9,114.63,44.97,1.98229,2,1271.27,0.572044,196,392,51.25,1985.5,,,
sec35mid,639235.883313345,5100620.12963972,broyles,2018,2016,10.53,,114.76,58.39,3.55392,1,1250.06,0.486698,194,381,55,2014.5,,,
sec35mid,639245.883313345,5100600.12963972,broyles,2018,2016,11.11,,0,0,3.76439,1,1249.84,0.44902,194,381,55,2014.5,,,
sec35mid,639225.883313345,5100600.12963972,broyles,2018,2016,13.72,,0,0,3.55332,1,1249.63,0.447752,194,381,55,2014.5,,,
sec35mid,639295.883313345,5100680.12963972,broyles,2018,2016,11.94,11.93,114.39,45.85,3.08715,1,1251.82,0.509297,194,381,55,2014.5,,,
sec35mid,639305.883313345,5100670.12963972,broyles,2018,2016,12.67,,114.58,49.89,2.96106,1,1251.55,0.468511,194,381,55,2014.5,,,
sec35mid,639305.883313345,5100690.12963972,broyles,2018,2016,12.19,,115.72,45.85,3.07511,1.40072,1252.06,0.495167,194,381,55,2014.5,,,
sec35mid,639285.883313345,5100660.12963972,broyles,2018,2016,12.18,,115.21,56.69,3.43773,1,1251.33,0.503209,194,381,55,2014.5,,,
sec35mid,639255.883313345,5101150.12963972,broyles,2018,2016,12.48,11.16,114.43,58.8,2.31074,3.40247,1267.59,0.618266,196,392,51.25,1985.5,,,
sec35mid,639255.883313345,5101170.12963972,broyles,2018,2016,12.28,,115.1,58.8,2.45562,3.88822,1268.55,0.637571,196,392,51.25,1985.5,,,
sec35mid,639255.883313345,5101100.12963972,broyles,2018,2016,13.13,,112.53,58.8,2.09603,2.04598,1265.87,0.538073,196,392,51.25,1985.5,,,
sec35mid,639265.883313345,5101130.12963972,broyles,2018,2016,12.46,,114.89,58.8,2.19718,3.53747,1266.21,0.437701,196,392,51.25,1985.5,,,
sec35mid,639255.883313345,5101130.12963972,broyles,2018,2016,14.32,11.21,114.68,58.8,2.28367,3.68864,1266.53,0.38784,196,392,51.25,1985.5,,,
sec35mid,639275.883313345,5101100.12963972,broyles,2018,2016,12.97,11.04,114.56,58.8,1.73399,2.47011,1265.33,0.536664,196,392,51.25,1985.5,,,
sec35mid,639265.883313345,5101090.12963972,broyles,2018,2016,13.67,11.46,115.14,0,1.98353,2,1265.48,0.536259,196,392,51.25,1985.5,,,
sec35mid,639355.883313345,5100720.12963972,broyles,2018,2016,11.99,12.12,114.64,46.12,3.17856,2,1253.04,0.488815,194,381,55,2014.5,,,
sec35mid,639335.883313345,5100730.12963972,broyles,2018,2016,10.03,,115.22,46.12,3.16554,2,1253.39,0.500946,194,381,55,2014.5,,,
sec35mid,639355.883313345,5100690.12963972,broyles,2018,2016,11.14,,115.8,46.12,3.47743,1.12863,1252.15,0.42702,194,381,55,2014.5,,,
sec35mid,639335.883313345,5100720.12963972,broyles,2018,2016,10.42,,114.91,46.12,3.18169,2,1253.02,0.485558,194,381,55,2014.5,,,
sec35mid,639365.883313345,5100710.12963972,broyles,2018,2016,11.59,12.19,115.23,56.9,3.22955,2,1252.72,0.467341,194,381,55,2014.5,,,
sec35mid,639375.883313345,5100730.12963972,broyles,2018,2016,11.19,,115.42,56.9,2.8878,2,1253.31,0.517442,194,381,55,2014.5,,,
sec35mid,639295.883313345,5100730.12963972,broyles,2018,2016,11.59,,115.25,45.85,3.23719,2,1253.25,0.468735,194,381,55,2014.5,,,
sec35mid,639305.883313345,5100720.12963972,broyles,2018,2016,11.2,,114.72,45.85,3.23198,2,1252.95,0.470684,194,381,55,2014.5,,,
sec35mid,639325.883313345,5100710.12963972,broyles,2018,2016,13.02,,115.22,46.12,3.1875,2,1252.64,0.464689,194,381,55,2014.5,,,
sec35mid,639315.883313345,5100600.12963972,broyles,2018,2016,12.22,,0,0,4.14864,1,1250.82,0.457575,194,381,55,2014.5,,,
sec35mid,639285.883313345,5100590.12963972,broyles,2018,2016,13.67,13.77,0,0,3.92805,1,1250.18,0.442554,194,381,55,2014.5,,,
sec35mid,639315.883313345,5100590.12963972,broyles,2018,2016,12.43,12.28,0,0,4.33005,1,1250.74,0.439558,194,381,55,2014.5,,,
sec35mid,639295.883313345,5100600.12963972,broyles,2018,2016,12.57,15.02,0,0,4.04231,1,1250.54,0.493023,194,381,55,2014.5,,,
sec35mid,639195.883313345,5100740.12963972,broyles,2018,2016,12.78,,114.01,45.65,3.32296,2,1253.14,0.468369,194,381,55,2014.5,,,
sec35mid,639215.883313345,5100740.12963972,broyles,2018,2016,11.16,,114.36,47.1,3.31301,2,1253.29,0.479194,194,381,55,2014.5,,,
sec35mid,639245.883313345,5101210.12963972,broyles,2018,2016,14.14,,114.83,44.97,2.40293,2,1270.13,0.604592,196,392,51.25,1985.5,,,
sec35mid,639375.883313345,5100610.12963972,broyles,2018,2016,10.5,14.79,115.03,58,3.448,1,1251.41,0.498539,194,381,55,2014.5,,,
sec35mid,639375.883313345,5100600.12963972,broyles,2018,2016,12.53,,0,0,3.4767,1,1251.29,0.460878,194,381,55,2014.5,,,
sec35mid,639355.883313345,5100600.12963972,broyles,2018,2016,11.97,,0,0,3.91604,1,1251.28,0.485834,194,381,55,2014.5,,,
sec35mid,639375.883313345,5100590.12963972,broyles,2018,2016,11.89,15.28,0,0,3.47989,1,1251.27,0.527148,194,381,55,2014.5,,,
sec35mid,639345.883313345,5100590.12963972,broyles,2018,2016,10.78,14.01,0,0,3.90592,1,1251.16,0.486679,194,381,55,2014.5,,,
sec35mid,639335.883313345,5100610.12963972,broyles,2018,2016,11.41,,114.88,54.91,4.19192,1,1251.29,0.554881,194,381,55,2014.5,,,
sec35mid,639335.883313345,5100600.12963972,broyles,2018,2016,10.06,,0,0,4.29485,1,1251.08,0.500527,194,381,55,2014.5,,,
sec35mid,639385.883313345,5100640.12963972,broyles,2018,2016,13.5,,115.27,46.06,3.1558,1,1251.71,0.514515,194,381,55,2014.5,,,
sec35mid,639395.883313345,5100620.12963972,broyles,2018,2016,12.44,14.19,114.85,44.13,2.99031,0.0793694,1251.52,0.498063,194,381,55,2014.5,,,
sec35mid,639405.883313345,5100610.12963972,broyles,2018,2016,12.49,17.56,114.62,58.36,2.7031,0,1251.44,0.498952,194,381,55,2014.5,,,
sec35mid,639405.883313345,5100600.12963972,broyles,2018,2016,12.17,,0,0,2.82055,0,1251.38,0.502076,194,381,55,2014.5,,,
sec35mid,639405.883313345,5100590.12963972,broyles,2018,2016,12.21,,0,0,2.83632,0,1251.38,0.547289,194,381,55,2014.5,,,
sec35mid,639345.883313345,5100950.12963972,broyles,2018,2016,15.09,15.44,0,0,1.56037,4.72125,1257.81,0.422239,194,381,55,2014.5,,,
sec35mid,639345.883313345,5100930.12963972,broyles,2018,2016,13.54,16.43,0,0,0.94053,3.07233,1258.17,0.598664,194,381,55,2014.5,,,
sec35mid,639355.883313345,5100910.12963972,broyles,2018,2016,12.52,,0,0,0.795864,2.16902,1258.38,0.734854,194,381,55,2014.5,,,
sec35mid,639365.883313345,5100650.12963972,broyles,2018,2016,14.02,,114.51,56.9,4.20257,1,1251.76,0.511675,194,381,55,2014.5,,,
sec35mid,639355.883313345,5100620.12963972,broyles,2018,2016,12,12.82,114.95,54.03,4.21813,1,1251.46,0.521042,194,381,55,2014.5,,,
sec35mid,639375.883313345,5100620.12963972,broyles,2018,2016,11.93,,114.74,54.03,3.41486,0.868561,1251.52,0.529437,194,381,55,2014.5,,,
sec35mid,639345.883313345,5100630.12963972,broyles,2018,2016,12.7,,114.43,54.91,4.40508,1,1251.47,0.528492,194,381,55,2014.5,,,
sec35mid,639465.883313345,5100810.12963972,broyles,2018,2016,13.54,,113.78,45.23,1.43325,2,1251.74,0.405439,194,381,55,2014.5,,,
sec35mid,639485.883313345,5100790.12963972,broyles,2018,2016,12.36,,115.89,42.78,0.699239,1,1251.5,0.468262,194,381,55,2014.5,,,
sec35mid,639485.883313345,5100800.12963972,broyles,2018,2016,12.81,,115.04,42.78,0.834973,1,1251.35,0.432137,194,381,55,2014.5,,,
sec35mid,639465.883313345,5100820.12963972,broyles,2018,2016,14.65,16.8,0,0,1.66506,1.95119,1251.73,0.399879,194,381,55,2014.5,,,
sec35mid,639475.883313345,5100830.12963972,broyles,2018,2016,12.77,,0,0,1.97817,1.04863,1251.63,0.4141,194,381,55,2014.5,,,
sec35mid,639495.883313345,5100820.12963972,broyles,2018,2016,12.87,,0,0,1.71662,1,1251.06,0.346575,194,381,55,2014.5,,,
sec35mid,639485.883313345,5100810.12963972,broyles,2018,2016,12.51,14.63,0,0,1.21344,1,1251.22,0.37453,194,381,55,2014.5,,,
sec35mid,639315.883313345,5101040.12963972,broyles,2018,2016,11.73,,0,0,1.48982,2.91567,1263.56,0.837947,196,392,51.25,1985.5,,,
sec35mid,639335.883313345,5101030.12963972,broyles,2018,2016,12.35,,0,0,1.46404,12,1261.57,0.778811,196,392,51.25,1985.5,,,
sec35mid,639325.883313345,5101030.12963972,broyles,2018,2016,13,,0,0,1.54102,4.71394,1263.23,0.993036,196,392,51.25,1985.5,,,
sec35mid,639375.883313345,5100910.12963972,broyles,2018,2016,14.05,,0,0,0.844031,4.56575,1257.51,0.720934,194,381,55,2014.5,,,
sec35mid,639365.883313345,5100930.12963972,broyles,2018,2016,14.12,,0,0,0.759265,4.4927,1257.3,0.74332,194,381,55,2014.5,,,
sec35mid,639505.883313345,5100800.12963972,broyles,2018,2016,12.95,15.71,0,0,0.187246,1,1251.2,0.516026,194,381,55,2014.5,,,
sec35mid,639255.883313345,5101290.12963972,broyles,2018,2016,12.31,,115.18,58.83,1.83285,3,1270.41,0.430388,196,392,51.25,1985.5,,,
sec35mid,639425.883313345,5100830.12963972,broyles,2018,2016,13.4,,0,0,1.63137,5.19921,1253.9,0.535117,194,381,55,2014.5,,,
sec35mid,639445.883313345,5100810.12963972,broyles,2018,2016,14.08,,114.23,45.23,1.45525,2.60666,1252.55,0.476703,194,381,55,2014.5,,,
sec35mid,639445.883313345,5100820.12963972,broyles,2018,2016,12.32,,0,0,1.43652,2.60666,1252.46,0.399468,194,381,55,2014.5,,,
sec35mid,639445.883313345,5100840.12963972,broyles,2018,2016,13.01,13.9,0,0,1.6283,2,1252.4,0.289929,194,381,55,2014.5,,,
sec35mid,639225.883313345,5101350.12963972,broyles,2018,2016,13.49,,113.99,44.97,2.65981,3,1273.83,0.46339,196,392,51.25,1985.5,,,
sec35mid,639225.883313345,5101320.12963972,broyles,2018,2016,12.81,,114.85,44.97,2.3677,3,1272.62,0.522848,196,392,51.25,1985.5,,,
sec35mid,639215.883313345,5101360.12963972,broyles,2018,2016,11.92,,114.5,44.97,2.77234,3,1274.46,0.435813,196,392,51.25,1985.5,,,
sec35mid,639185.883313345,5100700.12963972,broyles,2018,2016,11.34,12.66,114.04,45.65,3.35995,2,1251.68,0.501128,194,381,55,2014.5,,,
sec35mid,639305.883313345,5100980.12963972,broyles,2018,2016,12.85,,114.74,58.02,2.73191,3.28191,1262.15,0.737508,194,381,55,2014.5,,,
sec35mid,639295.883313345,5100980.12963972,broyles,2018,2016,12.81,,114.81,58.02,2.88472,2.88155,1262.28,0.680326,194,381,55,2014.5,,,
sec35mid,639265.883313345,5100980.12963972,broyles,2018,2016,12.47,10.94,115.16,58.8,3.11618,2,1262.38,0.538256,194,381,55,2014.5,,,
sec35mid,639285.883313345,5100970.12963972,broyles,2018,2016,12.81,,114.46,58.02,3.03763,3,1261.89,0.583044,194,381,55,2014.5,,,
sec35mid,639285.883313345,5101000.12963972,broyles,2018,2016,12.5,,114.9,58.02,2.98157,2,1263.12,0.566341,194,381,55,2014.5,,,
sec35mid,639335.883313345,5100930.12963972,broyles,2018,2016,12.91,,114.78,45.35,1.05425,3.12021,1258.27,0.414931,194,381,55,2014.5,,,
sec35mid,639385.883313345,5100700.12963972,broyles,2018,2016,11.12,,115.55,46.06,3.35956,1,1252.34,0.477892,194,381,55,2014.5,,,
sec35mid,639385.883313345,5100720.12963972,broyles,2018,2016,12.12,12.82,114.58,46.06,3.08604,1,1252.75,0.49592,194,381,55,2014.5,,,
sec35mid,639395.883313345,5100710.12963972,broyles,2018,2016,12.28,,111.91,46.06,3.11731,1,1252.52,0.481303,194,381,55,2014.5,,,
sec35mid,639245.883313345,5101050.12963972,broyles,2018,2016,12.45,,115.87,31.03,3.08913,1.884,1264.95,0.533865,196,392,51.25,1985.5,,,
sec35mid,639245.883313345,5101080.12963972,broyles,2018,2016,12.21,,114.67,31.03,2.63478,2,1265.7,0.481454,196,392,51.25,1985.5,,,
sec35mid,639215.883313345,5100730.12963972,broyles,2018,2016,11.29,,116.78,47.1,3.33136,2,1252.91,0.470413,194,381,55,2014.5,,,
sec35mid,639225.883313345,5100700.12963972,broyles,2018,2016,10.92,,115.85,47.1,3.35394,2,1251.97,0.482082,194,381,55,2014.5,,,
sec35mid,639225.883313345,5100690.12963972,broyles,2018,2016,11.71,,115.16,47.1,3.38478,2,1251.68,0.487451,194,381,55,2014.5,,,
sec35mid,639235.883313345,5100680.12963972,broyles,2018,2016,11.98,,114.91,44.94,3.41136,1.64791,1251.46,0.492095,194,381,55,2014.5,,,
sec35mid,639215.883313345,5100720.12963972,broyles,2018,2016,12.36,12.54,115.03,47.1,3.33358,2,1252.57,0.47708,194,381,55,2014.5,,,
sec35mid,639305.883313345,5100810.12963972,broyles,2018,2016,11.38,,59.82,109.16,3.25808,2,1256.24,0.523798,194,381,55,2014.5,,,
sec35mid,639275.883313345,5100800.12963972,broyles,2018,2016,12.51,,114.46,62.67,3.40514,2,1255.67,0.505782,194,381,55,2014.5,,,
sec35mid,639285.883313345,5100810.12963972,broyles,2018,2016,10.29,11.43,59.8,62.67,3.39415,2,1256.11,0.519696,194,381,55,2014.5,,,
sec35mid,639295.883313345,5100790.12963972,broyles,2018,2016,10.85,14.82,59.48,109.16,3.31699,2,1255.48,0.503822,194,381,55,2014.5,,,
sec35mid,639295.883313345,5100740.12963972,broyles,2018,2016,13.35,12.59,114.62,45.85,3.24056,2,1253.63,0.481091,194,381,55,2014.5,,,
sec35mid,639285.883313345,5100770.12963972,broyles,2018,2016,10.99,,58.07,62.67,3.29649,2,1254.77,0.528673,194,381,55,2014.5,,,
sec35mid,639295.883313345,5100760.12963972,broyles,2018,2016,12.38,17.57,61.61,80.41,3.22847,2,1254.44,0.535391,194,381,55,2014.5,,,
sec35mid,639275.883313345,5100740.12963972,broyles,2018,2016,12.33,11.55,114.97,56.69,3.20937,2,1253.56,0.48962,194,381,55,2014.5,,,
sec35mid,639275.883313345,5100770.12963972,broyles,2018,2016,11.67,,114.87,62.67,3.32964,2,1254.68,0.517197,194,381,55,2014.5,,,
sec35mid,639205.883313345,5100690.12963972,broyles,2018,2016,12.32,14.12,115.26,47.1,3.38671,2,1251.52,0.487485,194,381,55,2014.5,,,
sec35mid,639195.883313345,5100720.12963972,broyles,2018,2016,12.74,,114.41,45.65,3.39185,2,1252.42,0.47378,194,381,55,2014.5,,,
sec35mid,639225.883313345,5100810.12963972,broyles,2018,2016,10.88,11.38,114.12,39.98,3.15925,1.64576,1255.68,0.463423,194,381,55,2014.5,,,
sec35mid,639235.883313345,5100800.12963972,broyles,2018,2016,11.54,,89.16,43.7,3.31485,1.47825,1255.48,0.514764,194,381,55,2014.5,,,
sec35mid,639245.883313345,5100820.12963972,broyles,2018,2016,10.65,,90.25,43.7,3.35342,1.47753,1256.05,0.477282,194,381,55,2014.5,,,
sec35mid,639265.883313345,5100630.12963972,broyles,2018,2016,12.54,,115.52,56.69,3.78887,1,1250.6,0.475808,194,381,55,2014.5,,,
sec35mid,639275.883313345,5100670.12963972,broyles,2018,2016,12.25,,115.68,56.69,3.40089,1,1251.5,0.492228,194,381,55,2014.5,,,
sec35mid,639275.883313345,5100650.12963972,broyles,2018,2016,11.69,,114.33,56.69,3.59262,1,1251.07,0.498237,194,381,55,2014.5,,,
sec35mid,639265.883313345,5100820.12963972,broyles,2018,2016,12.99,,114.93,62.67,3.45182,2,1256.21,0.496689,194,381,55,2014.5,,,
sec35mid,639265.883313345,5100800.12963972,broyles,2018,2016,12.06,,115.42,62.67,3.3708,2,1255.61,0.497204,194,381,55,2014.5,,,
sec35mid,639245.883313345,5101400.12963972,broyles,2018,2016,12.27,,114.55,45.15,2.58786,2.95822,1276.08,0.58592,196,392,51.25,1985.5,,,
sec35mid,639275.883313345,5101400.12963972,broyles,2018,2016,12.83,,0,0,2.15035,3.7612,1275.27,1.02095,196,392,51.25,1985.5,,,
sec35mid,639275.883313345,5101380.12963972,broyles,2018,2016,12.42,12.28,0,0,2.35311,7.5315,1274.12,1.0621,196,392,51.25,1985.5,,,
sec35mid,639265.883313345,5101380.12963972,broyles,2018,2016,12.93,,0,0,2.53611,5.55276,1274.61,1.01214,196,392,51.25,1985.5,,,
sec35mid,639425.883313345,5100850.12963972,broyles,2018,2016,13.64,,0,0,1.47531,7.16255,1253.8,0.274809,194,381,55,2014.5,,,
sec35mid,639355.883313345,5100740.12963972,broyles,2018,2016,12.08,11.25,115.37,56.9,3.02375,2,1253.73,0.511873,194,381,55,2014.5,,,
sec35mid,639375.883313345,5100740.12963972,broyles,2018,2016,12.35,,114.66,56.9,2.78663,2,1253.59,0.517543,194,381,55,2014.5,,,
sec35mid,639355.883313345,5100760.12963972,broyles,2018,2016,10.74,,115.48,45.96,2.85117,2,1254.43,0.525039,194,381,55,2014.5,,,
sec35mid,639355.883313345,5100780.12963972,broyles,2018,2016,11.25,,115.36,45.96,2.85338,2,1255.13,0.52133,194,381,55,2014.5,,,
sec35mid,639335.883313345,5100810.12963972,broyles,2018,2016,11.59,12.52,115.2,45.35,3.10456,2,1256.24,0.515878,194,381,55,2014.5,,,
sec35mid,639325.883313345,5100820.12963972,broyles,2018,2016,11.28,,114.31,45.35,3.05437,2,1256.55,0.492959,194,381,55,2014.5,,,
sec35mid,639325.883313345,5100790.12963972,broyles,2018,2016,11.61,,115.72,45.35,3.13378,2,1255.59,0.524785,194,381,55,2014.5,,,
sec35mid,639335.883313345,5100830.12963972,broyles,2018,2016,11.21,,115.33,45.35,2.9729,2,1256.83,0.473315,194,381,55,2014.5,,,
sec35mid,639185.883313345,5100670.12963972,broyles,2018,2016,11.65,,115.36,45.65,3.49774,2,1250.72,0.434191,194,381,55,2014.5,,,
sec35mid,639175.883313345,5100680.12963972,broyles,2018,2016,13.6,,115.4,45.65,3.36276,2,1250.96,0.444594,194,381,55,2014.5,,,
sec35mid,639185.883313345,5100690.12963972,broyles,2018,2016,11.84,,114.28,45.65,3.3705,2,1251.35,0.490353,194,381,55,2014.5,,,
sec35mid,639225.883313345,5100990.12963972,broyles,2018,2016,13.04,,118.05,42.42,2.80329,2,1263.02,0.561446,194,381,55,2014.5,,,
sec35mid,639225.883313345,5100930.12963972,broyles,2018,2016,13.24,,92.48,43.7,2.96211,2.87979,1260.53,0.354295,194,381,55,2014.5,,,
sec35mid,639325.883313345,5100620.12963972,broyles,2018,2016,11.16,,114.52,54.91,4.32641,1,1251.14,0.526321,194,381,55,2014.5,,,
sec35mid,639325.883313345,5100650.12963972,broyles,2018,2016,12.98,,114.18,60.97,4.14881,1,1251.26,0.419881,194,381,55,2014.5,,,
sec35mid,639305.883313345,5100650.12963972,broyles,2018,2016,12.79,,115.1,49.89,3.16638,1,1251.17,0.459337,194,381,55,2014.5,,,
sec35mid,639305.883313345,5100630.12963972,broyles,2018,2016,13.31,,114.27,49.89,3.86532,1,1250.89,0.444679,194,381,55,2014.5,,,
sec35mid,639305.883313345,5100620.12963972,broyles,2018,2016,11.78,,114.15,49.89,4.15753,1,1250.8,0.467819,194,381,55,2014.5,,,
sec35mid,639375.883313345,5100680.12963972,broyles,2018,2016,11.65,13.19,115.66,56.9,3.93635,1,1251.97,0.476702,194,381,55,2014.5,,,
sec35mid,639335.883313345,5100680.12963972,broyles,2018,2016,11.94,,114.69,46.12,3.47285,1,1251.83,0.447228,194,381,55,2014.5,,,
sec35mid,639335.883313345,5100660.12963972,broyles,2018,2016,13.99,,114.52,59.25,4.14688,1,1251.51,0.440602,194,381,55,2014.5,,,
sec35mid,639375.883313345,5100660.12963972,broyles,2018,2016,12.01,13.14,115.54,56.9,3.98908,1,1251.83,0.521231,194,381,55,2014.5,,,
sec35mid,639365.883313345,5100670.12963972,broyles,2018,2016,11.85,,114.64,56.9,3.98955,1,1251.9,0.458826,194,381,55,2014.5,,,
sec35mid,639225.883313345,5100670.12963972,broyles,2018,2016,11.55,,115.07,47.1,3.44085,2,1251.14,0.494314,194,381,55,2014.5,,,
sec35mid,639235.883313345,5100660.12963972,broyles,2018,2016,11.86,,115.2,44.94,3.47617,1.94758,1250.94,0.489205,194,381,55,2014.5,,,
sec35mid,639225.883313345,5100630.12963972,broyles,2018,2016,12.12,,115.03,47.1,3.52464,1,1250.2,0.488723,194,381,55,2014.5,,,
sec35mid,639225.883313345,5100640.12963972,broyles,2018,2016,12.2,12.26,115.21,47.1,3.51942,1,1250.4,0.479592,194,381,55,2014.5,,,
sec35mid,639195.883313345,5100660.12963972,broyles,2018,2016,11.59,,113.6,45.65,3.54381,1.12968,1250.6,0.458098,194,381,55,2014.5,,,
sec35mid,639205.883313345,5100670.12963972,broyles,2018,2016,10.13,,114.8,47.1,3.54845,2,1250.96,0.498032,194,381,55,2014.5,,,
sec35mid,639235.883313345,5101060.12963972,broyles,2018,2016,13.22,,114.91,31.03,2.92091,1.64314,1265.24,0.487912,196,392,51.25,1985.5,,,
sec35mid,639455.883313345,5100800.12963972,broyles,2018,2016,13.02,,115,45.23,1.46116,2,1252.29,0.47925,194,381,55,2014.5,,,
sec35mid,639225.883313345,5101280.12963972,broyles,2018,2016,13.68,,116.38,44.97,1.92747,2.10792,1271.51,0.447892,196,392,51.25,1985.5,,,
sec35mid,639235.883313345,5101290.12963972,broyles,2018,2016,12.92,11.67,115.27,44.97,1.98093,3,1271.4,0.434739,196,392,51.25,1985.5,,,
sec35mid,639225.883313345,5101300.12963972,broyles,2018,2016,12.83,,115.16,44.97,2.13237,3,1271.94,0.451487,196,392,51.25,1985.5,,,
sec35mid,639215.883313345,5101290.12963972,broyles,2018,2016,12.93,10.41,100.05,44.5,2.12157,3,1272.26,0.47023,196,392,51.25,1985.5,,,
sec35mid,639405.883313345,5100650.12963972,broyles,2018,2016,10.67,,113.82,46.06,2.84254,1,1251.76,0.493584,194,381,55,2014.5,,,
sec35mid,639385.883313345,5100650.12963972,broyles,2018,2016,11.7,,115.04,46.06,3.22097,1,1251.8,0.519302,194,381,55,2014.5,,,
sec35mid,639385.883313345,5100670.12963972,broyles,2018,2016,11.83,,114.53,46.06,3.53327,1,1251.98,0.511998,194,381,55,2014.5,,,
sec35mid,639235.883313345,5101030.12963972,broyles,2018,2016,13.6,10.29,116.06,31.03,3.26158,2,1264.29,0.485531,196,392,51.25,1985.5,,,
sec35mid,639235.883313345,5101010.12963972,broyles,2018,2016,12.82,10.71,115.2,31.03,3.06637,2,1263.61,0.500856,194.235,382.291,54.5597,2011.1,,,
sec35mid,639245.883313345,5101020.12963972,broyles,2018,2016,11.97,10.87,115.3,31.03,3.10468,2,1264.01,0.570624,196,392,51.25,1985.5,,,
sec35mid,639225.883313345,5101040.12963972,broyles,2018,2016,12.48,,114.27,31.03,3.02221,2,1264.68,0.492915,196,392,51.25,1985.5,,,
sec35mid,639395.883313345,5100780.12963972,broyles,2018,2016,11.24,,114.17,46.06,2.35185,2,1254.01,0.482373,194,381,55,2014.5,,,
sec35mid,639235.883313345,5101150.12963972,broyles,2018,2016,12.69,10.45,114.78,44.97,2.60232,3,1268.27,0.539445,196,392,51.25,1985.5,,,
sec35mid,639225.883313345,5101180.12963972,broyles,2018,2016,12.34,,114.69,44.97,2.67139,2,1269.56,0.543164,196,392,51.25,1985.5,,,
sec35mid,639215.883313345,5101180.12963972,broyles,2018,2016,12.81,,59.97,38.05,2.94253,2,1269.75,0.543327,196,392,51.25,1985.5,,,
sec35mid,639215.883313345,5101140.12963972,broyles,2018,2016,12.63,,60.16,38.05,2.72548,2,1268.28,0.503351,196,392,51.25,1985.5,,,
sec35mid,639345.883313345,5100770.12963972,broyles,2018,2016,12.46,,114.37,45.35,2.98671,2,1254.86,0.521958,194,381,55,2014.5,,,
sec35mid,639335.883313345,5100750.12963972,broyles,2018,2016,12.21,,114.28,46.12,3.10148,2,1254.13,0.508975,194,381,55,2014.5,,,
sec35mid,639335.883313345,5100780.12963972,broyles,2018,2016,12.2,,115.4,45.35,3.05442,2,1255.23,0.510871,194,381,55,2014.5,,,
sec35mid,639325.883313345,5100740.12963972,broyles,2018,2016,11.84,,115.07,46.12,3.21402,2,1253.74,0.502651,194,381,55,2014.5,,,
sec35mid,639315.883313345,5101010.12963972,broyles,2018,2016,12.27,,114.82,58.02,2.78205,1.47014,1263.15,0.881068,194,381,55,2014.5,,,
sec35mid,639315.883313345,5100970.12963972,broyles,2018,2016,12.42,,114.86,57.52,2.28154,6.04748,1260.72,0.604435,194,381,55,2014.5,,,
sec35mid,639335.883313345,5101000.12963972,broyles,2018,2016,13.41,,0,0,1.96707,13.8822,1260.87,0.967707,194,381,55,2014.5,,,
sec35mid,639345.883313345,5100980.12963972,broyles,2018,2016,12.64,,0,0,1.80905,9.55884,1258.49,0.491518,194,381,55,2014.5,,,
sec35mid,639325.883313345,5100960.12963972,broyles,2018,2016,13.42,,0,0,2.01068,6.44689,1259.49,0.38784,194,381,55,2014.5,,,
sec35mid,639345.883313345,5100970.12963972,broyles,2018,2016,11.87,,0,0,1.78833,7.44109,1258.18,0.547544,194,381,55,2014.5,,,
sec35mid,639325.883313345,5100980.12963972,broyles,2018,2016,12.27,14.2,0,0,2.12969,7.89322,1260.75,0.583839,194,381,55,2014.5,,,
sec35mid,639245.883313345,5100640.12963972,broyles,2018,2016,11.15,,113.98,44.94,3.5285,1,1250.57,0.468391,194,381,55,2014.5,,,
sec35mid,639245.883313345,5100670.12963972,broyles,2018,2016,12.14,,115.34,44.94,3.41859,1,1251.3,0.499495,194,381,55,2014.5,,,
sec35mid,639255.883313345,5100910.12963972,broyles,2018,2016,12.79,,115.14,53.18,3.0238,2.07221,1259.84,0.601903,194,381,55,2014.5,,,
sec35mid,639265.883313345,5100880.12963972,broyles,2018,2016,12.74,,116.08,62.67,2.83845,2.92712,1258.45,0.493573,194,381,55,2014.5,,,
sec35mid,639245.883313345,5100910.12963972,broyles,2018,2016,12.54,,89.77,43.7,2.99589,2.64558,1259.88,0.595433,194,381,55,2014.5,,,
sec35mid,639235.883313345,5100930.12963972,broyles,2018,2016,12.79,,90.92,43.7,2.96251,2.87979,1260.48,0.360201,194,381,55,2014.5,,,
sec35mid,639235.883313345,5100950.12963972,broyles,2018,2016,13.85,12.18,112.29,43.7,2.91509,2,1261.34,0.495538,194,381,55,2014.5,,,
sec35mid,639245.883313345,5100950.12963972,broyles,2018,2016,12.39,,112.44,43.7,2.95669,2,1261.22,0.510311,194,381,55,2014.5,,,
sec35mid,639255.883313345,5100940.12963972,broyles,2018,2016,12.9,12.26,115.35,58.8,2.89481,2.88014,1260.73,0.436743,194,381,55,2014.5,,,
sec35mid,639225.883313345,5101390.12963972,broyles,2018,2016,13.4,,114.33,43.75,2.92598,3,1275.99,0.543318,196,392,51.25,1985.5,,,
sec35mid,639245.883313345,5100990.12963972,broyles,2018,2016,13.29,10.22,118.06,42.42,3.04336,2,1262.81,0.486694,194,381,55,2014.5,,,
sec35mid,639255.883313345,5100970.12963972,broyles,2018,2016,13.34,12.53,115.06,59.08,3.02217,2,1261.97,0.479976,194,381,55,2014.5,,,
sec35mid,639235.883313345,5100980.12963972,broyles,2018,2016,13.85,11.11,112.36,46.97,2.82955,2,1262.55,0.517341,194,381,55,2014.5,,,
sec35mid,639145.883313345,5100740.12963972,broyles,2018,2016,11.36,,106.34,48.04,3.29466,2,1252.85,0.492783,194,381,55,2014.5,,,
sec35mid,639125.883313345,5100740.12963972,broyles,2018,2016,13.95,12.98,104.15,45.41,3.31743,2,1252.73,0.491645,194,381,55,2014.5,,,
sec35mid,639255.883313345,5101240.12963972,broyles,2018,2016,11.82,,114.72,58.83,1.69479,2.35847,1270.33,0.599746,196,392,51.25,1985.5,,,
sec35mid,639255.883313345,5101270.12963972,broyles,2018,2016,12.54,,115.17,58.83,1.51589,2.46717,1270.32,0.500495,196,392,51.25,1985.5,,,
sec35mid,639355.883313345,5100810.12963972,broyles,2018,2016,10.54,10.47,114.66,45.96,2.97895,2,1256.2,0.552205,194,381,55,2014.5,,,
sec35mid,639365.883313345,5100800.12963972,broyles,2018,2016,12.47,,115.2,45.96,2.92367,2,1255.82,0.561592,194,381,55,2014.5,,,
sec35mid,639345.883313345,5100810.12963972,broyles,2018,2016,11.88,11.58,114.72,45.35,3.05273,2,1256.23,0.547374,194,381,55,2014.5,,,
sec35mid,639275.883313345,5101440.12963972,broyles,2018,2016,10.07,,0,0,1.52094,8.16217,1275.08,0.746119,196,392,51.25,1985.5,,,
sec35mid,639245.883313345,5101490.12963972,broyles,2018,2016,9.73,11.8,0,0,1.95346,6.54388,1279.83,0.843882,196,392,51.25,1985.5,,,
sec35mid,639145.883313345,5100710.12963972,broyles,2018,2016,13.06,13.94,115.59,48.04,3.32654,2,1251.8,0.473127,194,381,55,2014.5,,,
sec35mid,639165.883313345,5100670.12963972,broyles,2018,2016,12.91,14.08,115.12,48.04,2.88193,1.12933,1250.62,0.36141,194,381,55,2014.5,,,
sec35mid,639165.883313345,5100690.12963972,broyles,2018,2016,13.78,,114.59,48.04,3.24947,2,1251.24,0.483882,194,381,55,2014.5,,,
sec35mid,639125.883313345,5100730.12963972,broyles,2018,2016,10.09,,107.4,45.41,3.33136,2,1252.38,0.479648,194,381,55,2014.5,,,
sec35mid,639135.883313345,5100710.12963972,broyles,2018,2016,11.78,,115.73,45.41,3.25135,2,1251.72,0.420986,194,381,55,2014.5,,,
sec35mid,639145.883313345,5100690.12963972,broyles,2018,2016,13.68,14.86,116.4,48.04,3.04052,1.05258,1251.2,0.421512,194,381,55,2014.5,,,
sec35mid,639135.883313345,5100700.12963972,broyles,2018,2016,11.77,,115.62,45.41,3.10494,1.12828,1251.44,0.413181,194,381,55,2014.5,,,
sec35mid,639145.883313345,5100680.12963972,broyles,2018,2016,15.07,,114.93,48.04,2.71173,1,1250.98,0.411864,194,381,55,2014.5,,,
sec35mid,639155.883313345,5100730.12963972,broyles,2018,2016,12.36,,114.75,48.04,3.25977,2,1252.53,0.49262,194,381,55,2014.5,,,
sec35mid,639165.883313345,5100720.12963972,broyles,2018,2016,11.21,,115.3,48.04,3.28116,2,1252.17,0.452114,194,381,55,2014.5,,,
sec35mid,639145.883313345,5100670.12963972,broyles,2018,2016,15.1,13.77,114.72,48.04,2.32675,1,1250.84,0.423888,194,381,55,2014.5,,,
sec35mid,639125.883313345,5100670.12963972,broyles,2018,2016,13.56,16.2,114.49,45.33,2.20218,1,1251.07,0.460533,194,381,55,2014.5,,,
sec35mid,639335.883313345,5100880.12963972,broyles,2018,2016,11.38,,115.68,45.35,2.53971,2,1258.39,0.525182,194,381,55,2014.5,,,
sec35mid,639335.883313345,5100900.12963972,broyles,2018,2016,12.87,,114.93,45.35,1.80691,2,1258.79,0.61955,194,381,55,2014.5,,,
sec35mid,639335.883313345,5100850.12963972,broyles,2018,2016,11.12,12.35,115.32,45.35,2.70029,2,1257.47,0.483351,194,381,55,2014.5,,,
sec35mid,639325.883313345,5100850.12963972,broyles,2018,2016,11.45,,114.58,45.35,2.82911,2,1257.59,0.548995,194,381,55,2014.5,,,
sec35mid,639355.883313345,5100880.12963972,broyles,2018,2016,13.68,,114.05,55.88,2.58293,1,1258.17,0.559868,194,381,55,2014.5,,,
sec35mid,639345.883313345,5100900.12963972,broyles,2018,2016,12.56,13.49,114.66,45.12,1.73167,1.65003,1258.59,0.717785,194,381,55,2014.5,,,
sec35mid,639365.883313345,5100900.12963972,broyles,2018,2016,14.48,,0,0,1.27664,1.63973,1258.19,0.851914,194,381,55,2014.5,,,
sec35mid,639345.883313345,5100870.12963972,broyles,2018,2016,13.7,,116.15,50.61,2.77631,1.95129,1257.99,0.522109,194,381,55,2014.5,,,
sec35mid,639385.883313345,5100770.12963972,broyles,2018,2016,12.01,,114.89,46.06,2.60093,2,1254.04,0.502781,194,381,55,2014.5,,,
sec35mid,639405.883313345,5100770.12963972,broyles,2018,2016,11.69,,114.72,46.06,2.28093,2,1253.57,0.485918,194,381,55,2014.5,,,
sec35mid,639385.883313345,5100760.12963972,broyles,2018,2016,11.31,,114.59,46.06,2.64704,2,1253.76,0.507222,194,381,55,2014.5,,,
sec35mid,639395.883313345,5100740.12963972,broyles,2018,2016,10.45,,115.34,46.06,2.54711,1.07687,1253.08,0.497373,194,381,55,2014.5,,,
sec35mid,639275.883313345,5100940.12963972,broyles,2018,2016,12.67,,114.52,58.8,2.81645,2.11986,1260.47,0.396945,194,381,55,2014.5,,,
sec35mid,639225.883313345,5101370.12963972,broyles,2018,2016,13.23,,113.79,44.97,2.90503,3,1274.9,0.498025,196,392,51.25,1985.5,,,
sec35mid,639235.883313345,5101380.12963972,broyles,2018,2016,10.19,,113.25,44.97,2.87259,3,1275.26,0.578328,196,392,51.25,1985.5,,,
sec35mid,639245.883313345,5100690.12963972,broyles,2018,2016,11.9,11.68,114.96,44.94,3.32033,1.12863,1251.79,0.469151,194,381,55,2014.5,,,
sec35mid,639275.883313345,5100690.12963972,broyles,2018,2016,13.89,,114.83,56.69,3.42516,1,1251.97,0.495316,194,381,55,2014.5,,,
sec35mid,639305.883313345,5101060.12963972,broyles,2018,2016,12.24,12.34,0,0,1.46593,3.04626,1263.78,0.671162,196,392,51.25,1985.5,,,
sec35mid,639225.883313345,5100880.12963972,broyles,2018,2016,14.26,10.17,93.37,44.14,3.17138,3,1258.45,0.4356,194,381,55,2014.5,,,
sec35mid,639235.883313345,5100890.12963972,broyles,2018,2016,12.03,,90.44,43.7,3.07317,3,1258.98,0.479512,194,381,55,2014.5,,,
sec35mid,639295.883313345,5100950.12963972,broyles,2018,2016,12.29,,121.42,58.02,2.65209,3.11951,1260.53,0.439062,194,381,55,2014.5,,,
sec35mid,639295.883313345,5100920.12963972,broyles,2018,2016,10.75,13.64,60.45,109.16,2.62486,2,1259.74,0.582282,194,381,55,2014.5,,,
sec35mid,639285.883313345,5100940.12963972,broyles,2018,2016,13.26,,103.36,60.07,2.7571,2.11986,1260.37,0.392152,194,381,55,2014.5,,,
sec35mid,639255.883313345,5100720.12963972,broyles,2018,2016,11.29,,115.08,44.94,3.19565,2,1252.76,0.486797,194,381,55,2014.5,,,
sec35mid,639275.883313345,5100720.12963972,broyles,2018,2016,12.56,12.37,115.26,56.69,3.30158,2,1252.8,0.447848,194,381,55,2014.5,,,
sec35mid,639255.883313345,5100730.12963972,broyles,2018,2016,8.78,,115.04,44.94,3.23403,2,1253.12,0.503092,194,381,55,2014.5,,,
sec35mid,639275.883313345,5100710.12963972,broyles,2018,2016,11.13,,115.79,56.69,3.33405,2,1252.47,0.43406,194,381,55,2014.5,,,
sec35mid,639275.883313345,5101050.12963972,broyles,2018,2016,12.6,12.93,116.98,58.8,2.55239,1.93061,1264.76,0.602842,196,392,51.25,1985.5,,,
sec35mid,639275.883313345,5101070.12963972,broyles,2018,2016,12.82,13.43,114.26,58.8,1.97853,1.47074,1265.09,0.599437,196,392,51.25,1985.5,,,
sec35mid,639255.883313345,5101080.12963972,broyles,2018,2016,12.41,10.24,113.41,58.8,2.31744,1.11494,1265.49,0.525371,196,392,51.25,1985.5,,,
sec35mid,639255.883313345,5101050.12963972,broyles,2018,2016,12.32,,115.68,58.8,3.03732,1.884,1264.94,0.56056,196,392,51.25,1985.5,,,
sec35mid,639265.883313345,5101060.12963972,broyles,2018,2016,12.05,10.27,115.38,58.8,2.53737,1,1265.07,0.601724,196,392,51.25,1985.5,,,
sec35mid,639275.883313345,5101360.12963972,broyles,2018,2016,12.75,,0,0,2.30353,8.0422,1271.89,0.413421,196,392,51.25,1985.5,,,
sec35mid,639265.883313345,5101360.12963972,broyles,2018,2016,11.37,,0,0,2.39494,7.33888,1272.64,0.566193,196,392,51.25,1985.5,,,
sec35mid,639255.883313345,5101320.12963972,broyles,2018,2016,12.14,,0,0,2.07255,4.06365,1271.11,0.399863,196,392,51.25,1985.5,,,
sec35mid,639235.883313345,5101330.12963972,broyles,2018,2016,11.22,,114.5,44.97,2.32885,3.40352,1272.73,0.530153,196,392,51.25,1985.5,,,
sec35mid,639245.883313345,5101360.12963972,broyles,2018,2016,12.81,,117.72,55.81,2.69783,4.36048,1273.88,0.615602,196,392,51.25,1985.5,,,
sec35mid,639245.883313345,5101340.12963972,broyles,2018,2016,13.32,,114.4,58.13,2.37329,4.40282,1272.5,0.460136,196,392,51.25,1985.5,,,
sec35mid,639305.883313345,5101110.12963972,broyles,2018,2016,12.38,,0,0,1.42118,4.40001,1263.36,0.652758,196,392,51.25,1985.5,,,
sec35mid,639295.883313345,5101120.12963972,broyles,2018,2016,10.51,,0,0,1.52823,3.11354,1264.14,0.393151,196,392,51.25,1985.5,,,
sec35mid,639305.883313345,5101090.12963972,broyles,2018,2016,11.18,14.95,0,0,1.43277,3.44585,1263.54,0.679157,196,392,51.25,1985.5,,,
sec35mid,639305.883313345,5101130.12963972,broyles,2018,2016,12.17,,0,0,1.57356,5.40001,1263.18,0.515814,196,392,51.25,1985.5,,,
sec35mid,639275.883313345,5101300.12963972,broyles,2018,2016,12.06,14.05,0,0,1.79491,4,1269.33,0.500063,196,392,51.25,1985.5,,,
sec35mid,639275.883313345,5101320.12963972,broyles,2018,2016,13.22,,0,0,1.94856,4.04276,1269.79,0.504315,196,392,51.25,1985.5,,,
sec35mid,639275.883313345,5101340.12963972,broyles,2018,2016,13.79,,0,0,2.09319,5.10582,1270.5,0.370926,196,392,51.25,1985.5,,,
sec35mid,639265.883313345,5101180.12963972,broyles,2018,2016,11.57,,115.7,55.92,2.436,3.64799,1268.79,0.741287,196,392,51.25,1985.5,,,
sec35mid,639255.883313345,5101180.12963972,broyles,2018,2016,13.6,12.69,115.57,59.26,2.53394,2.88857,1269.04,0.687067,196,392,51.25,1985.5,,,
sec35mid,639275.883313345,5101280.12963972,broyles,2018,2016,11.45,14.23,0,0,1.55613,3.40142,1269.22,0.578538,196,392,51.25,1985.5,,,
sec35mid,639265.883313345,5101250.12963972,broyles,2018,2016,12.17,,0,0,1.54633,3,1269.7,0.609645,196,392,51.25,1985.5,,,
sec35mid,639265.883313345,5101280.12963972,broyles,2018,2016,11.9,,0,0,1.57847,3,1269.61,0.491494,196,392,51.25,1985.5,,,
sec35mid,639285.883313345,5101240.12963972,broyles,2018,2016,11.64,,0,0,1.55803,6.15935,1268.74,0.846806,196,392,51.25,1985.5,,,
sec35mid,639275.883313345,5101260.12963972,broyles,2018,2016,10.31,14.53,0,0,1.53987,3.75923,1269.29,0.686277,196,392,51.25,1985.5,,,
sec35mid,639315.883313345,5101070.12963972,broyles,2018,2016,15.15,14.12,0,0,1.44326,4.8454,1263.25,0.793176,196,392,51.25,1985.5,,,
sec35mid,639295.883313345,5101080.12963972,broyles,2018,2016,11.94,,114.83,57.24,1.50052,2.4696,1264.35,0.55324,196,392,51.25,1985.5,,,
sec35mid,639305.883313345,5101080.12963972,broyles,2018,2016,12.79,14.59,0,0,1.43735,3.40001,1263.63,0.676603,196,392,51.25,1985.5,,,
sec35mid,639285.883313345,5101190.12963972,broyles,2018,2016,14.74,,0,0,2.00306,9.18122,1267.75,1.04911,196,392,51.25,1985.5,,,
sec35mid,639275.883313345,5101190.12963972,broyles,2018,2016,12.16,,0,0,2.18838,6.02668,1268.56,1.06498,196,392,51.25,1985.5,,,
sec35mid,639285.883313345,5101220.12963972,broyles,2018,2016,11.98,,0,0,1.61087,6.9612,1268.79,1.13398,196,392,51.25,1985.5,,,
sec35mid,639285.883313345,5101210.12963972,broyles,2018,2016,11.98,10.52,0,0,1.73146,7.89495,1268.64,1.2168,196,392,51.25,1985.5,,,
sec35mid,639265.883313345,5101210.12963972,broyles,2018,2016,12.06,13.5,114.9,49.78,2.17087,2,1269.78,0.662944,196,392,51.25,1985.5,,,
sec35mid,639255.883313345,5101210.12963972,broyles,2018,2016,11.7,,115.18,49.78,2.27542,2,1269.97,0.616839,196,392,51.25,1985.5,,,
sec35mid,639275.883313345,5101120.12963972,broyles,2018,2016,12.75,12.29,115.53,58.8,1.7682,3.71212,1264.96,0.285345,196,392,51.25,1985.5,,,
sec35mid,639295.883313345,5101170.12963972,broyles,2018,2016,12.38,12.62,0,0,1.78797,7.66667,1264.33,0.252366,196,392,51.25,1985.5,,,
sec35mid,639295.883313345,5101150.12963972,broyles,2018,2016,12.62,,0,0,1.70264,5.46782,1263.96,0.461004,196,392,51.25,1985.5,,,
sec35mid,639275.883313345,5101140.12963972,broyles,2018,2016,11.89,14.86,115.44,58.8,1.94191,5.11284,1265.61,0.456495,196,392,51.25,1985.5,,,
sec35mid,639275.883313345,5101160.12963972,broyles,2018,2016,11.31,,0,0,2.06097,7.33429,1266.55,0.566094,196,392,51.25,1985.5,,,
sec35mid,639285.883313345,5101160.12963972,broyles,2018,2016,10.86,,0,0,1.97068,7.64391,1265.69,0.394597,196,392,51.25,1985.5,,,
sec35mid,639315.883313345,5101060.12963972,broyles,2018,2016,11.68,,0,0,1.42931,3.91497,1263.37,0.78495,196,392,51.25,1985.5,,,
sec35mid,639315.883313345,5101090.12963972,broyles,2018,2016,14.4,,0,0,1.44232,5.31358,1263.03,0.802593,196,392,51.25,1985.5,,,
sec35mid,639075.883313345,5100710.12963972,broyles,2018,2016,12.94,,0,0,2.71186,1,1252.02,0.446184,194,381,55,2014.5,,,
sec35mid,639085.883313345,5100740.12963972,broyles,2018,2016,14.47,,0,0,2.8903,1.4116,1252.57,0.432632,194,381,55,2014.5,,,
sec35mid,639245.883313345,5101500.12963972,broyles,2018,2016,11.43,,0,0,1.84214,7.80564,1280.25,0.933263,196,392,51.25,1985.5,,,
sec35mid,639225.883313345,5101560.12963972,broyles,2018,2016,10.82,,0,0,1.49637,6.46204,1281.79,0.517352,196,392,51.25,1985.5,,,
sec35mid,639225.883313345,5101530.12963972,broyles,2018,2016,11.73,,0,0,1.6148,4.04001,1282.02,0.765947,196,392,51.25,1985.5,,,
sec35mid,639215.883313345,5101570.12963972,broyles,2018,2016,11.96,,0,0,1.90059,8.19549,1283.67,0.491616,196,392,51.25,1985.5,,,
sec35mid,639075.883313345,5100580.12963972,broyles,2018,2016,14.66,,0,0,2.97732,2,1250.21,0.592952,194,381,55,2014.5,,,
sec35mid,639155.883313345,5100580.12963972,broyles,2018,2016,14.07,14.12,0,0,2.64578,1,1249.63,0.555031,194,381,55,2014.5,,,
sec35mid,639135.883313345,5100650.12963972,broyles,2018,2016,11.89,14.3,114.91,45.24,1.97797,1,1250.83,0.542768,194,381,55,2014.5,,,
sec35mid,639135.883313345,5100610.12963972,broyles,2018,2016,10.85,15.16,114.97,66.7,2.55203,1,1250.32,0.534853,194,381,55,2014.5,,,
sec35mid,639145.883313345,5100630.12963972,broyles,2018,2016,13.46,,114.46,48.04,2.26826,1,1250.56,0.570475,194,381,55,2014.5,,,
sec35mid,639125.883313345,5100690.12963972,broyles,2018,2016,15.4,,116.12,45.41,2.70191,1,1251.28,0.4435,194,381,55,2014.5,,,
sec35mid,639105.883313345,5100610.12963972,broyles,2018,2016,13.41,13.58,114.52,57.41,2.86844,1,1250.58,0.536166,194,381,55,2014.5,,,
sec35mid,639465.883313345,5100590.12963972,broyles,2018,2016,12.47,,0,0,1.93293,1,1250.8,0.48656,194,381,55,2014.5,,,
sec35mid,639275.883313345,5100870.12963972,broyles,2018,2016,11.91,,115,62.67,3.44141,2.07317,1257.93,0.359425,194,381,55,2014.5,,,
sec35mid,639085.883313345,5100600.12963972,broyles,2018,2016,12.99,,0,0,2.91281,1,1250.43,0.488657,194,381,55,2014.5,,,
sec35mid,639245.883313345,5101520.12963972,broyles,2018,2016,12.23,12.48,0,0,1.60607,10.3624,1279.52,0.800157,196,392,51.25,1985.5,,,
sec35mid,639185.883313345,5101600.12963972,broyles,2018,2016,11.37,,0,0,2.85337,3.96078,1287.4,0.477868,196,392,51.25,1985.5,,,
sec35mid,639275.883313345,5101430.12963972,broyles,2018,2016,11.45,,0,0,1.56844,7.66575,1275.18,0.926865,196,392,51.25,1985.5,,,
sec35mid,639235.883313345,5101410.12963972,broyles,2018,2016,13.82,,115.23,45.42,2.38578,2.46486,1276.78,0.707208,196,392,51.25,1985.5,,,
sec35mid,639085.883313345,5100660.12963972,broyles,2018,2016,12.04,,0,0,2.08877,1,1251.31,0.505613,194,381,55,2014.5,,,
sec35mid,639075.883313345,5100600.12963972,broyles,2018,2016,13.63,,0,0,2.92956,1,1250.5,0.504606,194,381,55,2014.5,,,
sec35mid,639485.883313345,5100630.12963972,broyles,2018,2016,11.95,14.51,115.11,46.1,2.83798,1,1251.03,0.464426,194,381,55,2014.5,,,
sec35mid,639455.883313345,5100620.12963972,broyles,2018,2016,12.16,,114.3,41.59,2.5982,1,1251.15,0.476487,194,381,55,2014.5,,,
